id,bid,正文,头条文章url,原始图片url,视频url,位置,日期,工具,点赞数,评论数,转发数,话题,@用户
4390657818753830,HC2qhAJgO,图源不记得了 ,,https://wx1.sinaimg.cn/large/0076Almvgy1g4ot6xvk0oj30l00mcaay.jpg,,,2019-07-05,周震南的南极星,6,5,0,,
4634346277310591,KepvduFOL,uol这么惨的吗 ,,,,,2021-05-07,nova7你在焦点在,0,0,0,,
4627449683641375,Kbw5GfhhR,我活了！我好起来了！ ,,,,,2021-04-18,nova7你在焦点在,2,1,0,,
4623319754085162,K9MEvh8JI,目标人物的后劲有点足！ ,,https://wx1.sinaimg.cn/large/0076Almvgy1gpb21s0ac0g30dc07i7wh.gif,,,2021-04-07,nova7你在焦点在,0,0,0,,
4610774783494503,K4wiGeF4X,ak针不戳 ,,,,,2021-03-03,nova7你在焦点在,0,0,0,,
4608249204310273,K3sBai5ix,快和我一起参加 14 天打卡挑战！组队打卡开学季，结伴刷词赢酷币 >> 网页链接 ,,,,,2021-02-24,不背单词,0,0,0,,
4608245048023842,K3susxFmO,不背单词有无组队好友，全勤的那种！ ,,,,,2021-02-24,不背单词超话,1,9,0,,
4606668175053621,K2Nt7lcG1,烈士一年才几个？你是有多菜才几个人都考不过？那你读你🐎呢？加个20分就酸的像从腌菜缸里生出来的一样 ,,,,,2021-02-20,nova7你在焦点在,1,0,0,,
4586129279422882,JA8CbDxjY,撒蒲白封神！！！八票全中可太强了！ ,,,,,2020-12-25,nova7你在焦点在,0,0,0,,
4581406602175948,Jy9KY983W,糖糖糖糖九洲 ,,,,,2020-12-12,nova7你在焦点在,1,0,0,,
4581393352371811,Jy9pB9X11,只会嘴上情谊真的好恶 ,,,,,2020-12-12,nova7你在焦点在,0,0,0,,
4581379662683639,Jy93wbg8v,我是真的很难喜欢邵mm啊，感觉就很🍵 ,,,,,2020-12-12,nova7你在焦点在,0,0,0,,
4565737068822650,JrA7wB1aO,鬼首日记太让人难受了这文案不开除？ ,,,,,2020-10-30,nova7你在焦点在,0,0,0,,
4563869915683420,JqNxZnQw4,我就纳闷了，说他捞比说实话都不对吗 ,,,,,2020-10-25,nova7你在焦点在,1,0,0,,
4551949154005472,JlNqXgO0o,#人人公益节# #蓝色生命线# 小善意，大温暖。我在“八旬老人割艾草救孙子”项目捐款成功！愿点滴之举温暖更多心灵。@河南省慈善总会八旬老人割艾草救孙子 ,,,,,2020-09-22,微公益,0,1,0,"人人公益节,蓝色生命线",
4542894339263135,JhZSpCRLp,江南山水美如画，同游#江南百景图#。下载游戏：网页链接 ,,https://wx4.sinaimg.cn/large/0076Almvgy1gi6hbhhg0kj30sg1obk2l.jpg,,,2020-08-28,江南百景图,0,2,0,江南百景图,
4537841537261707,JfSqJut6j,#未定事件簿# 网页链接 ,,,,,2020-08-14,未定事件簿,0,1,0,未定事件簿,
4536714092095096,Jfp6h8N1S,#2020LPL# 我已为@RNG电子竞技俱乐部  送上奖杯，他是我心中的最强战队，快来和我一起为喜爱的战队加油吧！点击送奖杯↓2020LPL战队势力榜 ,,,,,2020-08-11,微博体育,0,1,0,2020LPL,RNG电子竞技俱乐部
4535245355352832,JeMTlmsw0,不是吧不是吧不是吧，进不了季后赛虎孝子反而有理高潮了？🙊🙊🙊 ,,,,,2020-08-07,HUAWEI nova 2s,1,0,0,,
4534522866307253,Jeu62qsNT,#未定事件簿# 网页链接 ,,,,,2020-08-05,未定事件簿,0,1,0,未定事件簿,
4530330759597522,JcJ2zEgKK,要退了哈哈哈哈？有丶激动 ,,,,,2020-07-24,HUAWEI nova 2s,0,0,0,,
4530329207703802,JcJ04wk6S,于小彤和周震南真是我超新星的快乐源泉 ,,,,,2020-07-24,HUAWEI nova 2s,0,2,0,,
4522632173905084,J9uLvgnTe,江南山水美如画，同游#江南百景图#。下载游戏：网页链接 ,,https://wx3.sinaimg.cn/large/0076Almvgy1ggdu8qcf7dj30sg1kwtfr.jpg,,,2020-07-03,江南百景图,0,0,0,江南百景图,
4522632152881223,J9uLtc5xl,江南山水美如画，同游#江南百景图#。下载游戏：网页链接 ,,https://wx4.sinaimg.cn/large/0076Almvgy1ggdu8mxal8j30sg1kwn46.jpg,,,2020-07-03,江南百景图,0,0,0,江南百景图,
4522365432711586,J9nPhbnpg,江南山水美如画，同游#江南百景图#。下载游戏：网页链接 ,,https://wx3.sinaimg.cn/large/0076Almvgy1ggczlve89mj30sg1kwtj3.jpg,,,2020-07-02,江南百景图,0,0,0,江南百景图,
4522365164652748,J9nOQjwok,江南山水美如画，同游#江南百景图#。下载游戏：网页链接 ,,https://wx2.sinaimg.cn/large/0076Almvgy1ggczkqzrkdj31kw0sgqa1.jpg,,,2020-07-02,江南百景图,0,0,0,江南百景图,
4522365134488692,J9nONiPIg,江南山水美如画，同游#江南百景图#。下载游戏：网页链接 ,,https://wx4.sinaimg.cn/large/0076Almvgy1ggczklzvppj31kw0sgqa1.jpg,,,2020-07-02,江南百景图,0,0,0,江南百景图,
4515976877545836,J6HD9vF12,#2020LPL# 我已为@UziQAQ 送上奖杯！他是我心中的最佳ADC，快来为你喜爱的选手加油吧！点击送奖杯↓2020LPL人气ADC榜 ,,,,,2020-06-15,微博体育,0,0,0,2020LPL,UziQAQ
4514558427583542,J66JkvOPc,老司机专列发车啦，快上车轻松躺赢~ 列车速来 网页链接 ,,"https://wx1.sinaimg.cn/large/0076Almvgy1gfo2yne90rj30dw0dwdgn.jpg,https://wx4.sinaimg.cn/large/0076Almvgy1gfo2zgd4x2j30u01o07aq.jpg",,,2020-06-11,周震南的南极星,0,0,0,,
4512727240201917,J5l5O0QwJ,#炙热的我们#我正在热力榜为 @R1SE官博 送出热力卡！大家快来为支持的音乐团体注入热力值吧。 炙热的我们热力榜 ,,,,,2020-06-06,能量榜,0,0,0,炙热的我们,R1SE官博
4512383417263538,J5c9futzQ,618列车上车否？老司机专列发车啦，快上车轻松躺赢~ 网页链接 ,,"https://wx1.sinaimg.cn/large/0076Almvgy1gfh56dksvfj30dw0dwdgn.jpg,https://wx3.sinaimg.cn/large/0076Almvgy1gfh56ju0whj30u01o0wkz.jpg",,,2020-06-05,周震南的南极星,0,0,0,,
4512003114335930,J52fRibYm,#2020LPL# 我已为@UziQAQ 送上奖杯！他是我心中的最佳ADC，快来为你喜爱的选手加油吧！点击送奖杯↓2020LPL人气ADC榜 ,,,,,2020-06-04,微博体育,0,0,0,2020LPL,UziQAQ
4511291430222061,J4JJZ0VLD,东方神起 (동방신기)《주문 (MIROTIC) (咒文)》주문 (MIROTIC) @QQ音乐 ,,https://wx4.sinaimg.cn/large/0076Almvgy1gfdnrwhzmoj30dw0dwt9v.jpg,,,2020-06-02,周震南的南极星,0,0,0,,QQ音乐
4510991503612221,J4BWef9HD,告辞了！拜拜 ,,,,,2020-06-01,周震南的南极星,0,0,0,,
4510991386328496,J4BW2qykw,#2020LPL# 我已为@UziQAQ 送上奖杯！他是我心中的最佳ADC，快来为你喜爱的选手加油吧！点击送奖杯↓2020LPL人气ADC榜 ,,,,,2020-06-01,微博体育,0,0,0,2020LPL,UziQAQ
4509628724020427,J42ucgRTB,五个字的脸太难kan了这个放女团我有点难受。 ,,,,,2020-05-28,周震南的南极星,2,6,0,,
4509253320613429,J3SII2zA1,有无辣一点的韩式辣酱？弗兰人吃韩式辣酱没有感觉到辣味是我买错了吗？ ,,,,,2020-05-27,周震南的南极星,0,9,0,,
4504247427843107,J1MuGwUlJ,我的大岛男孩24小时主题曲还要自己扒舞 ,,,,,2020-05-13,周震南的南极星,0,0,0,,
4495376536740217,IE1b7shrb,许愿初一周六不要上课吧救救孩子 ,,,,,2020-04-19,周震南的南极星,0,0,0,,
4493205015614973,ID6GFnyI5,我讨厌皇族非常讨厌走了，拜拜喽月开这么好一孩子。 ,,,,,2020-04-13,周震南的南极星,4,5,0,,
4492294004764108,ICIZijZms,乘风与rng???????我的花舞剑 ,,https://wx3.sinaimg.cn/large/0076Almvgy1gdp1wyp4tlj30u01t00v5.jpg,,,2020-04-10,周震南的南极星,1,0,0,,
4486095448398769,IA7JCzeU1,#2020LPL# 我已为RNG.Yuekai送上奖杯！他是我心中的最佳上单，快来为你喜爱的选手加油吧！点击送奖杯↓2020LPL人气上单榜 ,,,,,2020-03-24,微博体育,0,0,0,2020LPL,
4486094869231412,IA7IGCJvK,别解释，除非把废物中单摁下去 ,,,,,2020-03-24,周震南的南极星,5,3,0,,
4486080373506192,IA7ljeI7u,#逆水寒#朋友，听我一句话，点卡0.45一小时剑网三你值得拥有 ,,"https://wx2.sinaimg.cn/large/0076Almvgy1gd58bpwa8sj308c08cglq.jpg,https://wx1.sinaimg.cn/large/0076Almvgy1gd58bqln6pj30k00u0abx.jpg",,,2020-03-24,周震南的南极星,40,2,0,逆水寒,
4485765842868278,IzZa0c2ay,e⭐充分证明皇族中单是废物。 ,,,,,2020-03-23,周震南的南极星,1,0,0,,
4485375441862467,IzP0k7OvN,听说又双叒叕变虎弟了？ ,,,,,2020-03-22,周震南的南极星,3,2,0,,
4482799899513867,IyK0dDUZt,我想我的西门少年 ,,,,,2020-03-15,周震南的南极星,0,0,0,,
4480675082605124,IxQJ6aVI8,这是rng? ,,,,,2020-03-09,周震南的南极星,1,2,0,,
4480674973206877,IxQIVdsfP,#2020LPL# 我已为@BettyQwQ 送上奖杯！他是我心中的最佳ADC，快来为你喜爱的选手加油吧！点击送奖杯↓2020LPL人气ADC榜 ,,,,,2020-03-09,微博体育,0,0,0,2020LPL,BettyQwQ
4480674956577535,IxQITrB7h,#2020LPL# 我已为@UziQAQ 送上奖杯！他是我心中的最佳ADC，快来为你喜爱的选手加油吧！点击送奖杯↓2020LPL人气ADC榜 ,,,,,2020-03-09,微博体育,0,0,0,2020LPL,UziQAQ
4480674881302558,IxQIM5sR0,#2020LPL# 我已为@小龙堡c 送上奖杯！他是我心中的最佳打野，快来为你喜爱的选手加油吧！点击送奖杯↓2020LPL人气打野榜 ,,,,,2020-03-09,微博体育,1,0,0,2020LPL,小龙堡c
4480674839180146,IxQIHCwaS,#2020LPL# 我已为@rngming 送上奖杯！他是我心中的最佳辅助，快来为你喜爱的选手加油吧！点击送奖杯↓2020LPL人气辅助榜 ,,,,,2020-03-09,微博体育,0,0,0,2020LPL,rngming
4477760254913493,IwCTLkCdT,bjyx cpf实惨，心疼 ,,,,,2020-03-01,周震南的南极星,0,0,0,,
4477729334777714,IwC5Tk2TU,因为不喜欢吃香菜而把人家的菜摊给砸了 ,,,,,2020-03-01,周震南的南极星,2,4,1,,
4477592789112628,IwyxECeBS,你哥哥多好多努力，和你他妈粉丝sb干出大事有冲突吗？没有你他妈能把lof的东西还回来吗?那就别怪上升这蒸煮了草泥马的老子路人好感现在只想鲨了xz粉丝他们🐴 ,,,,,2020-03-01,周震南的南极星,2,0,0,,
4476896915648921,IwgrhnHxD,老子要宰了肖战那群傻逼粉丝气死我了 ,,,,,2020-02-28,周震南的南极星,0,0,0,,
4475093340619336,Ivvwi2B7i,原来我是一只苏格兰折耳猫网页链接 ,,https://wx4.sinaimg.cn/large/0076Almvly1gc66hdqsrlj30hs0m5497.jpg,,,2020-02-23,趣测君,1,0,0,,
4472268421338803,Iuk1Y5ChB,网易云杀我我永远喜欢uzi我永远喜欢简自豪。 ,,"https://wx1.sinaimg.cn/large/0076Almvgy1gbx6123vlzj30u01o0qdq.jpg,https://wx4.sinaimg.cn/large/0076Almvgy1gbx612l0a6j30u01o0n9c.jpg",,,2020-02-15,周震南的南极星,3,0,0,,
4459605230872541,Ip0Bt3EZf,#集卡开鸿运# ，好运一整年！我收到了@让红包飞  送我的【健康运】，喜欢这份特别的礼物~集齐6种开运卡，除夕瓜分1亿红包！想要？一起来玩呀~ 戳 >> 新年开运卡 ,,,,,2020-01-11,红包活动,0,0,0,集卡开鸿运,让红包飞
4459605168201135,Ip0Bmypun,翻转开运卡，马上有红包！我刚刚获得了@让红包飞 送出的现金红包。集齐6种开运卡，除夕瓜分1亿红包！一起来玩呀~ 戳此#集卡开鸿运# >> 新年开运卡 ,,,,,2020-01-11,红包活动,0,0,0,集卡开鸿运,让红包飞
4459605155575229,Ip0Blnon3,#集卡开鸿运# ，好运一整年！我收到了@让红包飞  送我的【健康运】，喜欢这份特别的礼物~集齐6种开运卡，除夕瓜分1亿红包！想要？一起来玩呀~ 戳 >> 新年开运卡 ,,,,,2020-01-11,红包活动,0,0,0,集卡开鸿运,让红包飞
4459605155000639,Ip0BlkYTt,#集卡开鸿运# ，好运一整年！我收到了@让红包飞  送我的【健康运】，喜欢这份特别的礼物~集齐6种开运卡，除夕瓜分1亿红包！想要？一起来玩呀~ 戳 >> 新年开运卡 ,,,,,2020-01-11,红包活动,0,0,0,集卡开鸿运,让红包飞
4459108989773774,IoNH4F0Bw,我在2019#微博之夜#活动中，为#uzi#的简自豪投出了重要50票！2019热门人物你最想pick谁？猛戳#微博之夜#年度人物投票，最受欢迎人物由你成就！集纯甄时光碎片，还能赢取盛典门票、现金红包及实物大奖哦！ ,,,,,2020-01-10,微博品牌活动,0,0,0,"微博之夜,uzi",
4458251816587540,IoroxrDIE,我在2019#微博之夜#活动中，为#uzi#的简自豪投出了重要50票！2019热门人物你最想pick谁？猛戳#微博之夜#年度人物投票，最受欢迎人物由你成就！集纯甄时光碎片，还能赢取盛典门票、现金红包及实物大奖哦！ ,,,,,2020-01-08,微博品牌活动,0,0,0,"微博之夜,uzi",
4458052348697800,IomcOAuH6,我在2019#微博之夜#活动中，为#uzi#的简自豪投出了重要50票！2019热门人物你最想pick谁？猛戳#微博之夜#年度人物投票，最受欢迎人物由你成就！集纯甄时光碎片，还能赢取盛典门票、现金红包及实物大奖哦！ ,,,,,2020-01-07,微博品牌活动,0,0,0,"微博之夜,uzi",
4457536226355665,Io8MmqFoJ,我在2019#微博之夜#活动中，为#uzi#的简自豪投出了重要50票！2019热门人物你最想pick谁？猛戳#微博之夜#年度人物投票，最受欢迎人物由你成就！集纯甄时光碎片，还能赢取盛典门票、现金红包及实物大奖哦！ ,,,,,2020-01-06,微博品牌活动,0,0,0,"微博之夜,uzi",
4457360334480177,Io4cFiNuV,我在2019#微博之夜#活动中，为#uzi#的简自豪投出了重要50票！2019热门人物你最想pick谁？猛戳#微博之夜#年度人物投票，最受欢迎人物由你成就！集纯甄时光碎片，还能赢取盛典门票、现金红包及实物大奖哦！ ,,,,,2020-01-05,微博品牌活动,0,0,0,"微博之夜,uzi",
4455895880374736,Ins6E1zu8,食物语手游美食化魂，一味倾心。色香满溢的浪漫冒险，邀你共赴！ ,,https://wx1.sinaimg.cn/large/0076Almvgy1gagxongcygj31o00u0x6q.jpg,,,2020-01-01,周震南的南极星,0,0,0,,
4455868974057301,Inrpfh1ul,我在2019#微博之夜#活动中，为#uzi#的简自豪投出了重要50票！2019热门人物你最想pick谁？猛戳#微博之夜#年度人物投票，最受欢迎人物由你成就！集纯甄时光碎片，还能赢取盛典门票、现金红包及实物大奖哦！ ,,,,,2020-01-01,微博品牌活动,0,0,0,"微博之夜,uzi",
4455699842878131,Inn0sc4Jt,我真的太爱陈伟霆了 ,,,,,2019-12-31,周震南的南极星,0,0,0,,
4455525158503665,InisHzGbT,真就十万阴兵呗 ,,,,,2019-12-31,周震南的南极星,2,1,0,,
4455452701727818,IngzQ7fu2,我在2019#微博之夜#活动中，为#uzi#的简自豪投出了重要15票！2019热门人物你最想pick谁？猛戳#微博之夜#年度人物投票，最受欢迎人物由你成就！还能赢取盛典门票、现金红包及实物大奖哦！ ,,,,,2019-12-31,微博品牌活动,0,0,0,"微博之夜,uzi",
4454914505518838,In2zMn9Hw,食物语手游美食化魂，一味倾心。色香满溢的浪漫冒险，邀你共赴！ ,,https://wx1.sinaimg.cn/large/0076Almvgy1gadsz41aaij31o00u0npd.jpg,,,2019-12-29,周震南的南极星,0,0,0,,
4454914208385834,In2zizbxo,食物语手游美食化魂，一味倾心。色香满溢的浪漫冒险，邀你共赴！ ,,https://wx3.sinaimg.cn/large/0076Almvgy1gadsxvzozyj31o00u0x6q.jpg,,,2019-12-29,周震南的南极星,0,0,0,,
4454913691806450,In2yt7zWi,食物语手游美食化魂，一味倾心。色香满溢的浪漫冒险，邀你共赴！ ,,https://wx1.sinaimg.cn/large/0076Almvgy1gadsvqv9tej31o00u01bs.jpg,,,2019-12-29,周震南的南极星,0,1,0,,
4454855790066462,In1350hhY,李元浩什么时候s赛不再唯唯诺诺再说吧 ,,,,,2019-12-29,周震南的南极星,1,2,0,,
4452645035416130,Im5xlmIYW,#2019LPL# 我已为@UziQAQ 送上奖杯，他是我心中的MVP，快来和我一起为喜爱的选手打CALL吧！点击送奖杯↓LPL选手打CALL榜 ,,,,,2019-12-23,微博体育,0,0,0,2019LPL,UziQAQ
4452597731260714,Im4j35hY6,我在2019#微博之夜#活动中，为#uzi#的简自豪投出了重要15票！2019热门人物你最想pick谁？猛戳#微博之夜#年度人物投票，最受欢迎人物由你成就！还能赢取盛典门票、现金红包及实物大奖哦！ ,,,,,2019-12-23,微博品牌活动,0,0,0,"微博之夜,uzi",
4452597446384501,Im4iAqMTP,#领取我的2019微博人设#@清辰微雨QAQ @Attack-ovo @小小小小小紫藤  谢谢你们2019年的默默支持，未来要一直在哦~2019我的微博播报 ,,,,,2019-12-23,微博用户运营活动,1,1,0,领取我的2019微博人设,"清辰微雨QAQ,Attack-ovo,小小小小小紫藤"
4452312074272461,IlWSjhVsF,看了看洗液 看了看2200， ,,,,,2019-12-22,周震南的南极星,0,0,0,,
4452310933060000,IlWQtcQ2Q,我在2019#微博之夜#活动中，为#uzi#的简自豪投出了重要15票！2019热门人物你最想pick谁？猛戳#微博之夜#年度人物投票，最受欢迎人物由你成就！还能赢取盛典门票、现金红包及实物大奖哦！ ,,,,,2019-12-22,微博品牌活动,0,0,0,"微博之夜,uzi",
4452032587146482,IlPBwtZ7Q,虎孝子牛逼还要一个新人去激活老人哈哈哈哈哈哈哈 ,,,,,2019-12-21,周震南的南极星,4,0,0,,
4452019491970489,IlPgp8gC5,裴依依的2020新年签：网页链接 ,,https://wx2.sinaimg.cn/large/0076Almvly1ga4khki8ucj30k00tywk8.jpg,,,2019-12-21,小花家的后花园,0,0,0,,
4450759024445501,IlitoiEtD,我在2019#微博之夜#活动中，为#uzi#的简自豪投出了重要15票！2019热门人物你最想pick谁？猛戳#微博之夜#年度人物投票，最受欢迎人物由你成就！还能赢取盛典门票、现金红包及实物大奖哦！ ,,,,,2019-12-18,微博品牌活动,0,0,0,"微博之夜,uzi",
4450414190067591,Il9vd0hAb,我在2019#微博之夜#活动中，为#uzi#的UziQAQ投出了重要15票！2019热门人物你最想pick谁？猛戳#微博之夜#年度人物投票，最受欢迎人物由你成就！还能赢取盛典门票、现金红包及实物大奖哦！ ,,,,,2019-12-17,微博品牌活动,0,0,0,"微博之夜,uzi",
4450261978301529,Il5xHyPBD,月开打中好不好好不好好不好，求你了求你了求你了@RNG电子竞技俱乐部 ,,,,,2019-12-16,周震南的南极星,1,3,0,,RNG电子竞技俱乐部
4450103240559236,Il1pG2ltW,我在2019#微博之夜#活动中，为#uzi#的UziQAQ投出了重要10票！2019热门人物你最想pick谁？猛戳#微博之夜#年度人物投票，最受欢迎人物由你成就！还能赢取盛典门票、现金红包及实物大奖哦！ ,,,,,2019-12-16,微博品牌活动,0,0,0,"微博之夜,uzi",
4449716068993715,IkRlcBJFV,我在2019#微博之夜#活动中，为#史森明ming#的rngming投出了重要10票！2019热门人物你最想pick谁？猛戳#微博之夜#年度人物投票，最受欢迎人物由你成就！还能赢取盛典门票、现金红包及实物大奖哦！ ,,,,,2019-12-15,微博品牌活动,0,0,0,"微博之夜,史森明ming",
4448588639764563,Iko0LEYcX,我在2019#微博之夜#活动中，为#uzi#的UziQAQ投出了重要10票！2019热门人物你最想pick谁？猛戳#微博之夜#年度人物投票，最受欢迎人物由你成就！还能赢取盛典门票、现金红包及实物大奖哦！ ,,,,,2019-12-12,微博品牌活动,0,0,0,"微博之夜,uzi",
4447303731002152,IjQAl4cHK,别这样，给他件内搭吧 ,,,,,2019-12-08,周震南的南极星,1,0,0,,
4447215948687095,IjOiKArUr,#安利一下，美好发生#，我为@R1SE-周震南 投票打Call！解锁#我的追星故事#独家福利， 2019#粉丝嘉年华#应援进行时！ ,,,,,2019-12-08,安利一下，美好发生,0,0,0,"安利一下，美好发生,我的追星故事,粉丝嘉年华",R1SE-周震南
4445415242106545,Ij3so8Q0x,今天我的「微博等级」又升一级，记录一下我在微博的成就微博等级，升等级享好礼 ,,https://wx4.sinaimg.cn/large/0076Almvly1g9ji00khghj30ez0k278c.jpg,,,2019-12-03,微博等级,0,0,0,,
4444084187511437,IiuPwvw4d,CTO有丶意思 ,,,,,2019-11-29,周震南的南极星,0,0,0,,
4441913094317892,IhAlLi7hq,@RNG电子竞技俱乐部 废物俱乐部你买的什么破玩意 ,,,,,2019-11-23,周震南的南极星,1,0,0,,RNG电子竞技俱乐部
4441912930906951,IhAlv3NWf,皇族我草泥马 ,,,,,2019-11-23,周震南的南极星,0,2,0,,
4437246125551758,IfCWonigu,#2019LPL# 我已为@UziQAQ 送上奖杯，他是我心中的MVP，快来和我一起为喜爱的选手打CALL吧！点击送奖杯↓LPL选手打CALL榜 ,,,,,2019-11-11,微博体育,0,0,0,2019LPL,UziQAQ
4437211355346183,IfC2jmqML,现在还有人洗虎混子吗 ,,,,,2019-11-10,周震南的南极星,0,0,0,,
4437207718543587,IfBWrzQzN,擦，快乐都是别人的 ,,,,,2019-11-10,周震南的南极星,0,0,0,,
4436987123928820,IfwcEgu44,#英雄联盟S9# 我已为@UziQAQ 送上奖杯，他是我心中的MVP，快来和我一起为喜爱的选手打CALL吧！点击送奖杯↓S9选手打CALL榜 ,,,,,2019-11-10,微博体育,0,0,0,英雄联盟S9,UziQAQ
4436782198522905,IfqS7zLcd,我为什么要充会员去看nznd破冰？一打开就看到了死亡王大鼻 ,,,,,2019-11-09,周震南的南极星,1,3,0,,
4434549998503695,IeuNNzGcn,超新星北部拔河的田女士和孟女士真的是划水怪 ,,,,,2019-11-03,周震南的南极星,6,0,0,,
4432129302182954,IdtPs99SW,#2019LPL# 我已为@UziQAQ 送上奖杯，他是我心中的MVP，快来和我一起为喜爱的选手打CALL吧！点击送奖杯↓LPL选手打CALL榜 ,,,,,2019-10-27,微博体育,0,0,0,2019LPL,UziQAQ
4431736987012514,IdjCGtqh4,哈哈哈哈哈哈哈哈哈谁不羡慕隔壁的中呢 ,,,,,2019-10-26,周震南的南极星,0,0,0,,
4429361095034141,IcjOBl7BP,only  Uzi&ming ,,,,,2019-10-20,周震南的南极星,2,0,0,,
4429261005879796,IchdaoFBq,#英雄联盟S9# 我已为@UziQAQ 送上奖杯，他是我心中的MVP，快来和我一起为喜爱的选手打CALL吧！点击送奖杯↓S9选手打CALL榜 ,,,,,2019-10-20,微博体育,1,0,0,英雄联盟S9,UziQAQ
4429258338084525,Ich8RxV9z,下路是爹！懂？@RNG电子竞技俱乐部 ,,,,,2019-10-20,周震南的南极星,0,0,0,,RNG电子竞技俱乐部
4429255611563642,Ich4t6yM2,皇族有🐶子是真的了不起 ,,,,,2019-10-19,周震南的南极星,2,0,0,,
4429255372851555,Ich45bXOP,像这种世界赛可以站出来的！🐺行！！哥你好样的！！！ ,,,,,2019-10-19,周震南的南极星,0,0,0,,
4429242362273063,IcgJ69xkj,想出线看自己懂？@RNG电子竞技俱乐部 ,,,,,2019-10-19,周震南的南极星,0,0,0,,RNG电子竞技俱乐部
4429224049585499,IcgfyEdCP,我不吃情怀这是竞技，不是看你卖艺 ,,,,,2019-10-19,周震南的南极星,3,2,0,,
4429217330470580,Icg4J1Yq0,期待新人展望s10是的，我是说中 ,,,,,2019-10-19,周震南的南极星,1,0,0,,
4429216873213398,Icg3ZdtX0,日常拉稀他世界赛什么时候是没让我失望的呢 ,,,,,2019-10-19,周震南的南极星,2,10,0,,
4429062505941650,Icc30oVH4,#英雄联盟S9# 我已为@UziQAQ 送上奖杯，他是我心中的MVP，快来和我一起为喜爱的选手打CALL吧！点击送奖杯↓S9选手打CALL榜 ,,,,,2019-10-19,微博体育,0,0,0,英雄联盟S9,UziQAQ
4428050722349409,IbLJ69RbH,#英雄联盟S9# 我已为@UziQAQ 送上奖杯，他是我心中的MVP，快来和我一起为喜爱的选手打CALL吧！点击送奖杯↓S9选手打CALL榜 ,,,,,2019-10-16,微博体育,0,0,0,英雄联盟S9,UziQAQ
4427777929895495,IbED6FwgL,#英雄联盟S9# 我已为@RNG电子竞技俱乐部  送上奖杯，他是我心中的最强战队，快来和我一起为喜爱的战队加油吧！点击送奖杯↓S9战队势力榜 ,,,,,2019-10-15,微博体育,1,0,0,英雄联盟S9,RNG电子竞技俱乐部
4427289918214593,IbrVZysZr,#2019LPL# 我已为@RNG电子竞技俱乐部  送上奖杯，他是我心中的最强战队，快来和我一起为喜爱的战队加油吧！点击送奖杯↓LPL战队势力榜 ,,,,,2019-10-14,微博体育,0,0,0,2019LPL,RNG电子竞技俱乐部
4426694481648765,IbcrC6UUZ,我是真的真的超级喜欢小简！ ,,,,,2019-10-12,周震南的南极星,4,0,0,,
4426692330154067,Ibco90E4X,nice！！冲冲冲 ,,,,,2019-10-12,周震南的南极星,0,0,0,,
4425443320604378,IaFTC2xe2,#英雄联盟S9# 我已为RNG.Karsa送上奖杯，他是我心中的MVP，快来和我一起为喜爱的选手打CALL吧！点击送奖杯↓S9选手打CALL榜 ,,,,,2019-10-09,微博体育,0,0,0,英雄联盟S9,
4425443299596679,IaFTzEgx9,#英雄联盟S9# 我已为@rngming 送上奖杯，他是我心中的MVP，快来和我一起为喜爱的选手打CALL吧！点击送奖杯↓S9选手打CALL榜 ,,,,,2019-10-09,微博体育,0,0,0,英雄联盟S9,rngming
4425443283314974,IaFTydUnk,#英雄联盟S9# 我已为@UziQAQ 送上奖杯，他是我心中的MVP，快来和我一起为喜爱的选手打CALL吧！点击送奖杯↓S9选手打CALL榜 ,,,,,2019-10-09,微博体育,0,0,0,英雄联盟S9,UziQAQ
4424732072072098,Ianor8H2W,你妈的搞笑哦，在群里面请假，这下好了，一个一个有样学样的来了 ,,,,,2019-10-07,周震南的南极星,0,0,0,,
4424172849230106,Ia8QsCJaG,#英雄联盟S9# 我已为@rngming 送上奖杯，他是我心中的MVP，快来和我一起为喜爱的选手打CALL吧！点击送奖杯↓S9选手打CALL榜 ,,,,,2019-10-05,微博体育,0,0,0,英雄联盟S9,rngming
4424124325329308,Ia7AcmmoA,#英雄联盟S9# 我已为@RNG电子竞技俱乐部  送上奖杯，他是我心中的最强战队，快来和我一起为喜爱的战队加油吧！点击送奖杯↓S9战队势力榜 ,,,,,2019-10-05,微博体育,0,0,0,英雄联盟S9,RNG电子竞技俱乐部
4423605255498100,I9U4Zn4j2,#英雄联盟S9# 我已为@UziQAQ 送上奖杯，他是我心中的MVP，快来和我一起为喜爱的选手打CALL吧！点击送奖杯↓S9选手打CALL榜 ,,,,,2019-10-04,微博体育,0,0,0,英雄联盟S9,UziQAQ
4423605225633451,I9U4WnDw7,#英雄联盟S9# 我已为@RNG电子竞技俱乐部  送上奖杯，他是我心中的最强战队，快来和我一起为喜爱的战队加油吧！点击送奖杯↓S9战队势力榜 ,,,,,2019-10-04,微博体育,0,0,0,英雄联盟S9,RNG电子竞技俱乐部
4422349555840009,I9npFovfH,#英雄联盟S9# 我已为@RNG电子竞技俱乐部  送上奖杯，他是我心中的最强战队，快来和我一起为喜爱的战队加油吧！点击送奖杯↓S9战队势力榜 ,,,,,2019-09-30,微博体育,0,0,0,英雄联盟S9,RNG电子竞技俱乐部
4422321807249286,I9mGUupRY,#英雄联盟S9# 我已为@UziQAQ 送上奖杯，他是我心中的MVP，快来和我一起为喜爱的选手打CALL吧！点击送奖杯↓S9选手打CALL榜 ,,,,,2019-09-30,微博体育,0,0,0,英雄联盟S9,UziQAQ
4421142422776437,I8S0GbEhf,#新中国成立70周年##我是中国fans#锦绣河山千万里，官方粉丝十四亿～我为祖国骄傲，我是No.002202408中国fans！粉丝认证号：我是中国FANS ,,,,,2019-09-27,微博会员中心,0,0,0,"新中国成立70周年,我是中国fans",
4419818788880492,I8jzMBgdK,战就完事了！(我好燃。 ,,,,,2019-09-23,周震南的南极星,1,0,0,,
4413881776427261,I5P7XqY1v,#一起守护老兵记忆#我在“老兵记忆采集计划”项目捐款成功！希望我小小的力量和@周震南全球后援会 一起，在大大的世界里温暖更多人。@关爱抗战老兵公益基金 老兵记忆采集计划 ,,,,,2019-09-07,微公益,0,0,0,一起守护老兵记忆,"周震南全球后援会,关爱抗战老兵公益基金"
4413879087882753,I5P3Cx4Fb,壶妹把自己玩进去了，惨哈哈哈哈哈哈哈哈哈哈哈哈 ,,,,,2019-09-07,周震南的南极星,1,0,0,,
4411822901426977,I4Xzc5ZdL,阿皇，我的好皇！！！ ,,,,,2019-09-01,周震南的南极星,1,0,0,,
4411804584959854,I4X5EkOhE,我很慌我看首页好像不乐观 ,,,,,2019-09-01,周震南的南极星,0,1,0,,
4411477748079026,I4OAuxTIS,拜托了，让他们去世界赛吧 ,,,,,2019-08-31,周震南的南极星,2,0,0,,
4410254869475129,I4iM6DKUF,#微博十年##我上热搜了#，我的热搜词是：@裴依依QAQ 最应该珍惜的人，原来@清辰微雨QAQ 才是我最应该珍惜的人，每一个赞都代表了关注和认可，谢谢@清辰微雨QAQ 一直都在。未来，也让我多多为你点赞吧。想知道自己怎么花式上热搜，快来康康吧 >>微博热搜榜 ,,https://wx4.sinaimg.cn/large/70eb479bly1g6dac4bt00j20fk0kkwq0.jpg,,,2019-08-28,周震南的南极星,0,2,0,"微博十年,我上热搜了","裴依依QAQ,清辰微雨QAQ,清辰微雨QAQ"
4409527409422425,I3ZQMDxcB,#微博会员有特权# 开启回忆之旅，领取惊喜福利！我刚刚解锁了#微博十年# 关键词，还领到了葡萄籽洗护代金券40元，还有有更丰厚的礼物在等你哦，赶快来看看吧！解锁关键词，领惊喜好礼 ,,,,,2019-08-26,微博会员中心,0,0,0,"微博会员有特权,微博十年",
4409483968697719,I3YIIAuFN,#2019LPL# 我已为@xiaohuOuO 送上奖杯，他是我心中的MVP，快来和我一起为喜爱的选手打CALL吧！点击送奖杯↓LPL选手打CALL榜 ,,,,,2019-08-26,微博体育,0,0,0,2019LPL,xiaohuOuO
4409483931775819,I3YIF7rYf,#2019LPL# 我已为@RNG电子竞技俱乐部  送上奖杯，他是我心中的最强战队，快来和我一起为喜爱的战队加油吧！点击送奖杯↓LPL战队势力榜 ,,,,,2019-08-26,微博体育,0,0,0,2019LPL,RNG电子竞技俱乐部
4409291618074946,I3TItxSF4,老天对他好点吧 ,,https://wx3.sinaimg.cn/large/0076Almvgy1g6c993ldr6j30q30713yv.jpg,,,2019-08-25,周震南的南极星,0,0,1,,
4409287553885942,I3TBVgiUu,圣枪哥要不要来rng玩一玩嗷 ,,,,,2019-08-25,周震南的南极星,1,5,0,,
4409273456657706,I3TfbrVYm,我先溜了🙊🙊🙊先跑了 ,,,,,2019-08-25,周震南的南极星,0,1,0,,
4409267601411599,I3T5K5VdJ,自己看看只有谁点塔无语 ,,,,,2019-08-25,周震南的南极星,1,0,0,,
4409265894472807,I3T2ZiLA3,杀你妈人啊！草泥马听见没！草泥马！ ,,,,,2019-08-25,周震南的南极星,0,0,0,,
4409265752035175,I3T2L8xrp,你妈逼 ,,,,,2019-08-25,周震南的南极星,1,0,0,,
4409264422303939,I3T0C9Fmj,我他妈差点撅过去 ,,,,,2019-08-25,周震南的南极星,0,0,0,,
4409263176538528,I3SYBrqY8,窒息 ,,,,,2019-08-25,周震南的南极星,0,0,0,,
4409261654040751,I3SW9gXbp,怎么肥事 ,,https://wx4.sinaimg.cn/large/0076Almvgy1g6c5t2ppygj3046046glh.jpg,,,2019-08-25,周震南的南极星,0,0,0,,
4409257195576587,I3SOXnoIX,搞稳点！懂？ ,,,,,2019-08-25,周震南的南极星,0,0,0,,
4409248681497252,I3SBe6hve,狗子牛逼！！！！ ,,,,,2019-08-25,周震南的南极星,1,0,0,,
4409247598888071,I3SztBibZ,你妈的 ,,,,,2019-08-25,周震南的南极星,1,0,0,,
4409241517142432,I3SpFtY4w,这个bp我很害怕🙊 ,,,,,2019-08-25,周震南的南极星,0,0,0,,
4409239189352293,I3SlUDeXr,你妈的我顶不住，我好紧张 ,,,,,2019-08-25,周震南的南极星,1,0,0,,
4409137306219371,I3PHAq5Wr,上午竞聘，中午搞壶，晚上搞R满满当当且刺激的一天 ,,https://wx2.sinaimg.cn/large/0076Almvly1g6brjbj8u1j303503c3yb.jpg,,,2019-08-25,周震南的南极星,2,0,0,,
4409136240238748,I3PFS106M,今天只要不是等三件套，我就还行卑微皇粉.jpg ,,,,,2019-08-25,周震南的南极星,0,0,0,,
4408948775676017,I3KNvnOAF,"@裴依依QAQ  翻开它, 拿走一个简单的答案和暗示  预言链接-> 网页链接 第27/320页 ",,,,,2019-08-24,在线预言网,0,5,0,,裴依依QAQ
4408948733610813,I3KNrf9kV,明天的RNG能赢吗@预言 ,,,,,2019-08-24,周震南的南极星,0,0,0,,预言
4408541131248261,I3Ac15eJf,不要轻敌！！不要轻敌！！不要轻敌！！给我好好研究lng！！！@RNG电子竞技俱乐部 ,,,,,2019-08-23,周震南的南极星,8,0,0,,RNG电子竞技俱乐部
4408537201339883,I3A5G5Cz1,我可以开始哈了吗？哈哈哈哈哈哈哈哈哈哈哈哈哈哈哈哈哈哈哈哈哈哈哈哈哈哈哈哈哈哈哈哈哈哈哈哈哈哈哈哈哈哈哈哈哈哈哈哈哈 ,,,,,2019-08-23,周震南的南极星,2,4,0,,
4407808776306664,I3h8NqsEo,#DOTA2##TI9#2019DOTA2国际邀请赛在上海举办，我为@RNG电子竞技俱乐部DOTA2分部 加油，快来和我一起为支持的战队送上应援盾，陪伴他们冲击TI冠军。英雄，见证不朽。TI9战队应援榜 ,,,,,2019-08-21,微博体育,0,0,0,"DOTA2,TI9",RNG电子竞技俱乐部DOTA2分部
4406607498787355,I2LTfARZx,我还是很爱阿皇，很爱很爱 ,,,,,2019-08-18,周震南的南极星,3,0,2,,
4406394834816959,I2Gmfkd6T,中路给虎子整点好的，牛排咱成不 ,,,,,2019-08-17,周震南的南极星,0,0,0,,
4406383463819149,I2G3Ug1xb,你他妈早这么打不就可以搏一搏第二了？ ,,,,,2019-08-17,周震南的南极星,1,9,0,,
4406373204888375,I2FNmkvGL,再给我发上路的洗脑包我生撕了你，你妈的 ,,,,,2019-08-17,周震南的南极星,2,4,0,,
4406367752435517,I2FEzadAx,我直问了，狼行这打了啥？ ,,,,,2019-08-17,周震南的南极星,0,1,0,,
4406366749353823,I2FCWDfm7,我擦嘞 ,,,,,2019-08-17,周震南的南极星,2,0,0,,
4406365877137763,I2FBxtWRd,小虎你 ,,,,,2019-08-17,周震南的南极星,0,0,0,,
4406365600500785,I2FB626hb,这吸血鬼我可太服气了 ,,,,,2019-08-17,周震南的南极星,1,0,0,,
4406363679446209,I2FxZDDod,你妈的狗子太牛逼了！！ ,,,,,2019-08-17,周震南的南极星,1,0,0,,
4405680226126365,I2nLEpHKl,阿拉7和阿拉6好努力啊[加油][加油][加油] ,,,,,2019-08-15,周震南的南极星,0,0,0,,
4405649548901874,I2mYaBlMC,#DOTA2##TI9#2019DOTA2国际邀请赛在上海举办，我为@RNG电子竞技俱乐部DOTA2分部 加油，快来和我一起为支持的战队送上应援盾，陪伴他们冲击TI冠军。英雄，见证不朽。TI9战队应援榜 ,,,,,2019-08-15,微博体育,1,0,0,"DOTA2,TI9",RNG电子竞技俱乐部DOTA2分部
4405520951601697,I2jCL6IFP,再给我半天时间，我就不生阿皇的气了 ,,,,,2019-08-15,周震南的南极星,1,0,0,,
4405292718119946,I2dGDy4mS,这他妈咋打得这么垃圾? ,,,,,2019-08-14,周震南的南极星,0,0,0,,
4405292143804558,I2dFIfXJQ,我太难了 ,,,,,2019-08-14,周震南的南极星,0,0,0,,
4405291078839987,I2dDZB5Gr,分享图片 ,,https://wx2.sinaimg.cn/large/0076Almvgy1g5zhsx2yp7j30j60kx75h.jpg,,,2019-08-14,周震南的南极星,0,0,0,,
4405283486703838,I2drKs7Yq,皇，给我好好打 ,,https://wx1.sinaimg.cn/large/0076Almvgy1g5zgxcnqjhj30rn0rnwfj.jpg,,,2019-08-14,周震南的南极星,1,0,0,,
4404440821414164,I1RwC5VT6,我放弃了，憨憨搞竞人自己给自己在玩命降权重这咋捞的上啊！ ,,,,,2019-08-12,周震南的南极星,0,2,0,,
4403855879660384,I1Cj9Ex6E,我快乐了，我好了要骂的明天骂 ,,,,,2019-08-10,周震南的南极星,3,4,0,,
4403855200809061,I1Ci43otn,我错了！！royal never give up！！！ ,,,,,2019-08-10,周震南的南极星,2,0,0,,
4403854072185805,I1Cgf9aCV,仰卧起坐我腹肌都起来了 ,,,,,2019-08-10,周震南的南极星,0,0,0,,
4403853040260525,I1CeA15M1,打的好，好就好在他mlgb ,,,,,2019-08-10,周震南的南极星,0,0,0,,
4403809662584990,I1B6CaQto,嬴玉大小姐！他不喜欢你我喜欢你！！！！ ,,,,,2019-08-10,周震南的南极星,0,0,0,,
4403774203992735,I1AbqgKGX,说相爱相杀的，我先杀了你🐎再来爱你成不？ ,,,,,2019-08-10,周震南的南极星,1,0,0,,
4403773780460126,I1AaK1VHo,一家亲你mlgb哦？你是弱智吗 ,,,,,2019-08-10,周震南的南极星,3,2,0,,
4403053639426998,I1hrdDyom,#2019LPL# 我已为@RNG电子竞技俱乐部  送上奖杯，他是我心中的最强战队，快来和我一起为喜爱的战队加油吧！点击送奖杯↓LPL战队势力榜 ,,,,,2019-08-08,微博体育,0,0,0,2019LPL,RNG电子竞技俱乐部
4403014187943496,I1gpAxksU,阿皇快用比赛救救我！我不要咦，咦呀，咦呀咿呀咿呀了 ,,,,,2019-08-08,周震南的南极星,1,0,0,,
4402994365399036,I1fTCmExe,害！谁又能想到我壶团的歌是印度舞曲风呢 ,,"https://wx4.sinaimg.cn/large/0076Almvgy1g5s60dlthxj30w00u0wgl.jpg,https://wx2.sinaimg.cn/large/0076Almvgy1g5s60dv3ptj30jg0fjmxr.jpg,https://wx4.sinaimg.cn/large/0076Almvgy1g5s60x6r82j30m80m8djg.jpg",,,2019-08-08,周震南的南极星,0,0,0,,
4401902084948417,I0NtSkLjb,阿熊那边好快乐啊阿皇我也想拥有快乐可以吗 ,,,,,2019-08-05,周震南的南极星,1,2,0,,
4401712204550482,I0IxCj5MS,哦豁fs7开始删微博了，看来离秽土重生不远了 ,,,,,2019-08-04,周震南的南极星,1,2,0,,
4401364815745622,I0zvjo6Hk,#2019LPL# 我已为@xiaohuOuO 送上奖杯，他是我心中的MVP，快来和我一起为喜爱的选手打CALL吧！点击送奖杯↓LPL选手打CALL榜 ,,,,,2019-08-04,微博体育,0,0,0,2019LPL,xiaohuOuO
4401364782737640,I0zvgbubu,#2019LPL# 我已为@RNG电子竞技俱乐部  送上奖杯，他是我心中的最强战队，快来和我一起为喜爱的战队加油吧！点击送奖杯↓LPL战队势力榜 ,,,,,2019-08-04,微博体育,0,0,0,2019LPL,RNG电子竞技俱乐部
4401342443337220,I0yVee0a8,我这人说话比较激进，和不熟的人担心祸从口出，算了，就这样吧 ,,,,,2019-08-03,周震南的南极星,2,2,0,,
4401334264861836,I0yI2koMI,没意思没意思今天怎么这样呢 ,,,,,2019-08-03,周震南的南极星,2,0,0,,
4401317860373150,I0yhA1z4y,好顶啊！呜呜呜下路组好顶 ,,,,,2019-08-03,周震南的南极星,0,0,0,,
4401315885343989,I0yeomqdn,玩你麻痹四保一 ,,,,,2019-08-03,周震南的南极星,1,0,0,,
4401314047683241,I0ybqweLf,上路好惨啊，泪了 ,,,,,2019-08-03,周震南的南极星,0,0,0,,
4401313259141076,I0ya9Cm0I,哎，这啥bp啊，哎，最好打我脸 ,,,,,2019-08-03,周震南的南极星,0,4,0,,
4401304283268970,I0xVGdIpk,你妈的救个屁啊 ,,,,,2019-08-03,周震南的南极星,1,4,0,,
4401259844489023,I0wM0iPNB,#2019LPL# 我已为@RNG电子竞技俱乐部  送上奖杯，他是我心中的最强战队，快来和我一起为喜爱的战队加油吧！点击送奖杯↓LPL战队势力榜 ,,,,,2019-08-03,微博体育,0,0,0,2019LPL,RNG电子竞技俱乐部
4401259806920358,I0wLWt2iG,#2019LPL# 我已为@xiaohuOuO 送上奖杯，他是我心中的MVP，快来和我一起为喜爱的选手打CALL吧！点击送奖杯↓LPL选手打CALL榜 ,,,,,2019-08-03,微博体育,0,0,0,2019LPL,xiaohuOuO
4401229045702023,I0vYknVm7,二队几个人轮流顶 ,,,,,2019-08-03,周震南的南极星,3,2,0,,
4400853903115911,I0mdgd4AD,#2019王者荣耀世界冠军杯# 我已为@RNGM电子竞技俱乐部  送上奖杯，他是我心中的最强战队，快来和我一起为喜爱的战队加油吧！点击送奖杯↓2019世冠战队打Call榜 ,,,,,2019-08-02,微博体育,0,0,0,2019王者荣耀世界冠军杯,RNGM电子竞技俱乐部
4400853882770444,I0mdebCIA,#2019LPL# 我已为@RNG电子竞技俱乐部  送上奖杯，他是我心中的最强战队，快来和我一起为喜爱的战队加油吧！点击送奖杯↓LPL战队势力榜 ,,,,,2019-08-02,微博体育,0,0,0,2019LPL,RNG电子竞技俱乐部
4400546208994449,I0ecYBJRL,也不喜欢姬野，做事像个憨批 ,,,,,2019-08-01,周震南的南极星,0,2,0,,
4400544737119176,I0eaBtS1q,越看越不喜欢羽然了 ,,,,,2019-08-01,周震南的南极星,0,0,0,,
4400440751906709,I0bsT801n,煞笔电竞剧给👴爪巴 ,,,,,2019-08-01,周震南的南极星,1,0,0,,
4400183221602933,I04Lw6IZL,九州缥缈录里的小皇帝是不是个好人呀🙊🙊🙊🙊🙊看他的发言感觉挺好的 ,,,,,2019-07-31,周震南的南极星,0,0,0,,
4400157765994271,I046sp9nN,阴阳师手游 狂涛怒涌，英姿再临！全新SP骁浪荒川之主降临平安京！SP/SSR概率集结翻升，快去缔结契约吧！ ,,https://wx4.sinaimg.cn/large/0076Almvgy1g5j48xcl6lj30vk0hsjwe.jpg,,,2019-07-31,周震南的南极星,0,1,0,,
4400157744985877,I046qkV3n,阴阳师手游 狂涛怒涌，英姿再临！全新SP骁浪荒川之主降临平安京！SP/SSR概率集结翻升，快去缔结契约吧！ ,,https://wx4.sinaimg.cn/large/0076Almvgy1g5j48xlpvhj30vk0hsjwe.jpg,,,2019-07-31,周震南的南极星,0,0,0,,
4400154847012286,I041Ktqdo,#2019LPL# 我已为@RNG电子竞技俱乐部  送上奖杯，他是我心中的最强战队，快来和我一起为喜爱的战队加油吧！点击送奖杯↓LPL战队势力榜 ,,,,,2019-07-31,微博体育,0,0,0,2019LPL,RNG电子竞技俱乐部
4400154830808226,I041J3ofU,#2019LPL# 我已为@rngming 送上奖杯，他是我心中的MVP，快来和我一起为喜爱的选手打CALL吧！点击送奖杯↓LPL选手打CALL榜 ,,,,,2019-07-31,微博体育,0,0,0,2019LPL,rngming
4399824109265361,HFSSCCSlj,#18岁男生用剪刀自宫# 涓滴之水成海洋，颗颗爱心变希望。我在“马上高三的他选择了动刀自残”项目捐款成功！@9958儿童紧急救助中心马上高三的他选择了动刀自残 ,,,,,2019-07-30,微公益,0,0,0,18岁男生用剪刀自宫,
4399495318259584,HFKkjyEH6,呜呜呜今天依然是我的乖乖皇 ,,,,,2019-07-29,周震南的南极星,1,0,0,,
4399488497689095,HFK9jwghF,日常魔鬼第二局🙉🙉🙉🙉🙉 ,,,,,2019-07-29,周震南的南极星,0,0,0,,
4399145022244883,HFBdk9pZN,美滋滋ovo ,,,,,2019-07-28,周震南的南极星,1,0,0,,
4399016592642161,HFxSbb5lv,我在特仑苏#声入人心# 能量榜为喜爱的声音助力，你也快来支持吧！ 特仑苏声入人心能量榜 ,,,,,2019-07-28,周震南的南极星,0,0,0,声入人心,
4398314965551587,HFfCwnidJ,RYL都是好孩子 ,,,,,2019-07-26,周震南的南极星,1,0,0,,
4398018822392001,HF7USa2gF,姬野在我眼里实属five🙉 ,,,,,2019-07-25,周震南的南极星,0,0,0,,
4397903923699818,HF4Vyfwuu,#2019LPL# 我已为@UziQAQ 送上奖杯，他是我心中的MVP，快来和我一起为喜爱的选手打CALL吧！点击送奖杯↓LPL选手打CALL榜 ,,,,,2019-07-25,微博体育,0,0,0,2019LPL,UziQAQ
4397896394435772,HF4JpiBWI,#2019LPL# 我已为@RNG电子竞技俱乐部  送上奖杯，他是我心中的最强战队，快来和我一起为喜爱的战队加油吧！点击送奖杯↓LPL战队势力榜 ,,,,,2019-07-25,微博体育,0,0,0,2019LPL,RNG电子竞技俱乐部
4397689737094275,HEZm5tLxN,今日悲伤二重奏苏尚宫没有和息将军走羡羡的师姐死了杀了我吧 ,,,,,2019-07-24,周震南的南极星,0,0,0,,
4397661220167303,HEYC60Hwr,苏尚宫怎么不跟他走啊！！！！！为什么啊！！！ ,,,,,2019-07-24,周震南的南极星,0,2,0,,
4396236038091289,HEnxpxWUF,我很快乐我超快乐！这还是我的憨憨皇吗 ,,,,,2019-07-20,周震南的南极星,0,0,0,,
4395051171534830,HDSIl6rhk,#2019王者荣耀世界冠军杯# 我已为@RNGM电子竞技俱乐部  送上奖杯，他是我心中的最强战队，快来和我一起为喜爱的战队加油吧！点击送奖杯↓2019世冠战队打Call榜 ,,,,,2019-07-17,微博体育,0,0,0,2019王者荣耀世界冠军杯,RNGM电子竞技俱乐部
4391512743484921,HCoFceCAp,#2019LPL# 我已为@doinb金咕咕 送上奖杯，他是我心中的MVP，快来和我一起为喜爱的选手打CALL吧！点击送奖杯↓LPL选手打CALL榜 ,,,,,2019-07-07,微博体育,0,0,0,2019LPL,doinb金咕咕
4391506510745456,HCov937Vu,宇宙第一冠军洲际赛胜率是多少呀 ,,,,,2019-07-07,周震南的南极星,2,12,0,,
4391502987684721,HCopswf97,恭喜李哥满贯了！！！ ,,,,,2019-07-07,周震南的南极星,3,2,0,,
4391489419809416,HCo3zF9So,是doinb牛逼 ,,,,,2019-07-07,周震南的南极星,2,0,0,,
4391200142901545,HCgx0caP7,#2019LPL# 我已为@rngming 送上奖杯，他是我心中的MVP，快来和我一起为喜爱的选手打CALL吧！点击送奖杯↓LPL选手打CALL榜 ,,,,,2019-07-06,微博体育,0,0,0,2019LPL,rngming
4391200105066179,HCgwWlfWz,#2019LPL# 我已为@UziQAQ 送上奖杯，他是我心中的MVP，快来和我一起为喜爱的选手打CALL吧！点击送奖杯↓LPL选手打CALL榜 ,,,,,2019-07-06,微博体育,0,0,0,2019LPL,UziQAQ
4391196346957364,HCgqStbVy,你们不尊重伟大的癌死八冠军呜呜呜呜呜呜 ,,,,,2019-07-06,周震南的南极星,5,5,0,,
4390658770580829,HC2rP2r6d,LPL解说新招：小作文爆破💥💥💥果然解说，还是年轻的好 ,,,,,2019-07-05,周震南的南极星,5,0,0,,
4389677555082319,HBCVdlk8T,裴依依QAQ在今天的垃圾分类挑战中获得了『80』分网页链接 ,,https://wx3.sinaimg.cn/large/0076Almvly1g4lom5no3dj30k00rsgn2.jpg,,,2019-07-02,种草趣测,0,0,0,,
4389606600124596,HBB4M0wpC,战羡超可爱✧*｡٩(ˊωˋ*)و✧*｡ ,,,,,2019-07-02,周震南的南极星,0,0,0,,
4389586832409593,HBAyTa6Qp,严以律人，宽以律己。你们夫妇真棒 ,,,,,2019-07-02,周震南的南极星,2,0,0,,
4389583615569841,HBAtHnmY9,#2019LPL# 我已为@RNG电子竞技俱乐部  送上奖杯，他是我心中的最强战队，快来和我一起为喜爱的战队加油吧！点击送奖杯↓LPL战队势力榜 ,,,,,2019-07-02,微博体育,0,0,0,2019LPL,RNG电子竞技俱乐部
4389583023978331,HBAsKgGWD,🍌年度业绩考核冲冲冲[加油][加油][加油][加油][加油] ,,,,,2019-07-02,周震南的南极星,1,0,0,,
4389580348273988,HBAoqyIrq,我一刀一个圣母他🐎 ,,https://wx4.sinaimg.cn/large/0076Almvgy1g4ldg88129j30u00v20vc.jpg,,,2019-07-02,周震南的南极星,4,0,0,,
4389577911489895,HBAkv6fAz,洲际赛是什么赛？关我屁事的赛！ ,,"https://wx1.sinaimg.cn/large/0076Almvgy1g4ld65iuoej306o068weh.jpg,https://wx4.sinaimg.cn/large/0076Almvgy1g4ld65pij5j305i05iwed.jpg,https://wx3.sinaimg.cn/large/0076Almvgy1g4ld660qmcj30v90pdjtn.jpg,https://wx4.sinaimg.cn/large/0076Almvgy1g4lddnnv8vj30u008raai.jpg",,,2019-07-02,周震南的南极星,7,0,0,,
4389545057184916,HBztvu97K,无皇的比赛关老子屁事少他妈来带热度 ,,,,,2019-07-02,周震南的南极星,6,0,0,,
4389370179793101,HBuVrF5Df,我为什么要点开散伙人bot🙉 ,,,,,2019-07-01,周震南的南极星,0,0,0,,
4389356804377525,HBuzSimNf,他腰好细，好细，好细，好细 ,,,,,2019-07-01,周震南的南极星,0,0,0,,
4389350802695774,HBuqcbjie,肖战真的好可爱嗷嗷嗷嗷嗷嗷嗷嗷嗷 ,,,,,2019-07-01,周震南的南极星,1,0,0,,
4388987437298407,HBkY7uCEf,老子的心脏！你妈的！透我冲上去就想给你们一榔头！ ,,,,,2019-06-30,周震南的南极星,0,2,0,,
4388985771844671,HBkVr7JSL,我他妈就想一巴掌 ,,,,,2019-06-30,周震南的南极星,1,0,0,,
4388984928790031,HBkU4ASGH,你他妈玩我啊 ,,,,,2019-06-30,周震南的南极星,0,0,0,,
4388810097877865,HBgm5x3ol,#2019LPL#我已为@RNG电子竞技俱乐部  送上奖杯，和我一起为喜爱的战队加油吧！点击送奖杯↓LPL战队势力榜 ,,,,,2019-06-30,微博体育,0,0,0,2019LPL,RNG电子竞技俱乐部
4388810013652861,HBglXfkh7,#2019LPL#我已为RNG.Karsa送上奖杯，他是我心中的MVP，快来和我一起为喜爱的选手打CALL吧！点击送奖杯↓LPL选手打CALL榜 ,,,,,2019-06-30,微博体育,0,0,0,2019LPL,
4388660478229068,HBcsLywKU,肖战在陈情令里真可爱啊ovo ,,,,,2019-06-29,周震南的南极星,0,3,0,,
4387520072188567,HAINp9blt,阴阳师手游 急急如律令！我在「阴阳师」中召唤了强大的式神，来和我一起游历平安京吧。  网页链接 ,,https://wx4.sinaimg.cn/large/0076Almvgy1g4estx5ok5j30k00a075x.jpg,,,2019-06-26,周震南的南极星,0,0,0,,
4387519028092455,HAILIxXdt,阴阳师手游 屈臣氏 X LBS鬼王来袭！美有道理，惊喜掉落屈臣氏福袋！ ,,https://wx2.sinaimg.cn/large/0076Almvgy1g4espj988oj30vk0hsjvm.jpg,,,2019-06-26,周震南的南极星,0,0,0,,
4387519011279119,HAILH5mKX,阴阳师手游 屈臣氏 X LBS鬼王来袭！美有道理，惊喜掉落屈臣氏福袋！ ,,https://wx3.sinaimg.cn/large/0076Almvgy1g4espjjoc8j30vk0hsjvm.jpg,,,2019-06-26,周震南的南极星,0,0,0,,
4387420331944021,HAGcx89Jb,我刚刚在摩点上支持了这个项目，你也来看看小南队长存钱罐（分享自@摩点） ,,,,,2019-06-26,摩点x微博众筹,0,0,0,,摩点
4387040760203697,HAwkk0QZr,我对强奸犯的恨意达到抓住后给他上黥刑. ,,,,,2019-06-25,周震南的南极星,0,0,0,,
4386983302082122,HAuPE8JEC,阴阳师手游 大江山之章音乐剧 X LBS鬼王来袭！成功挑战鬼王更可赢取丰厚奖励，惊喜掉落音乐剧门票！ ,,https://wx1.sinaimg.cn/large/0076Almvgy1g4d36jia37j30vk0hsq7n.jpg,,,2019-06-25,周震南的南极星,0,0,0,,
4386983285270168,HAuPCm70I,阴阳师手游 大江山之章音乐剧 X LBS鬼王来袭！成功挑战鬼王更可赢取丰厚奖励，惊喜掉落音乐剧门票！ ,,https://wx1.sinaimg.cn/large/0076Almvgy1g4d36jrrf7j30vk0hsq7n.jpg,,,2019-06-25,周震南的南极星,0,0,0,,
4386843510109247,HArcb0sq3,我看逗比比他会游多了还游走 ,,,,,2019-06-24,周震南的南极星,3,0,0,,
4386347755834141,HAeizotJ3,阴阳师手游 海国鬼王，啸浪之敌！全新SSR大岳丸降临平安京！SP/SSR概率集结翻升，快去缔结契约吧！ ,,https://wx1.sinaimg.cn/large/0076Almvgy1g4b26v1aepj30vk0hsq7v.jpg,,,2019-06-23,周震南的南极星,1,0,0,,
4386347739465740,HAeixDIte,阴阳师手游 海国鬼王，啸浪之敌！全新SSR大岳丸降临平安京！SP/SSR概率集结翻升，快去缔结契约吧！ ,,https://wx4.sinaimg.cn/large/0076Almvgy1g4b26vdhptj30vk0hsq7v.jpg,,,2019-06-23,周震南的南极星,0,0,0,,
4386308102869684,HAdgCc2xe,#2019KPL春季赛#我已为@RNGM雨雨 送上奖杯！他是我心中的最佳下路，快来为你喜爱的选手加油吧！KPL最佳下路榜 ,,,,,2019-06-23,微博体育,0,0,0,2019KPL春季赛,RNGM雨雨
4386276092363536,HAcqZ9URy,#2019LPL#我已为@RNG电子竞技俱乐部  送上奖杯，和我一起为喜爱的战队加油吧！点击送奖杯↓LPL战队势力榜 ,,,,,2019-06-23,微博体育,0,0,0,2019LPL,RNG电子竞技俱乐部
4386275102543443,HAcpoaFFh,#2019LPL#我已为@UziQAQ 送上奖杯，他是我心中的MVP，快来和我一起为喜爱的选手打CALL吧！点击送奖杯↓LPL选手打CALL榜 ,,,,,2019-06-23,微博体育,0,0,0,2019LPL,UziQAQ
4385948936247385,HA3Vjqdeh,#2019LPL#我已为@UziQAQ 送上奖杯，他是我心中的MVP，快来和我一起为喜爱的选手打CALL吧！点击送奖杯↓LPL选手打CALL榜 ,,,,,2019-06-22,微博体育,0,0,0,2019LPL,UziQAQ
4385891499675368,HA2qFEB0k,#2019KPL春季赛#我已为@RNGMZero 送上奖杯！他是我心中的最佳辅助，快来为你喜爱的选手加油吧！网页链接 ,,,,,2019-06-22,微博体育,0,0,0,2019KPL春季赛,RNGMZero
4385891470963912,HA2qD42KY,#2019KPL春季赛#我已为@RNGM凉晨 送上奖杯！他是我心中的最佳上路，快来为你喜爱的选手加油吧！网页链接 ,,,,,2019-06-22,微博体育,1,0,0,2019KPL春季赛,RNGM凉晨
4385891428319261,HA2qyyUdD,#2019KPL春季赛#我已为@RNGM雨雨 送上奖杯！他是我心中的最佳下路，快来为你喜爱的选手加油吧！KPL最佳下路榜 ,,,,,2019-06-22,微博体育,0,0,0,2019KPL春季赛,RNGM雨雨
4385891407549263,HA2qwvFUj,#2019KPL春季赛#我已为@RNGM虔诚 送上奖杯！他是我心中的最佳打野，快来为你喜爱的选手加油吧！KPL最佳打野榜 ,,,,,2019-06-22,微博体育,0,0,0,2019KPL春季赛,RNGM虔诚
4385891357157033,HA2qru1S1,#手游名人赛# 王者人气榜正在进行时！我已为@RNG一笑 投票打call，他是我心中的最佳王者荣耀主播！pick你最喜爱的王者荣耀人气主播，即刻投票助力他成为手游名人赛队长！手游名人赛王者人气榜 ,,,,,2019-06-22,微博体育,0,0,0,手游名人赛,RNG一笑
4385891043150520,HA2pWddAQ,#2019LPL#我已为@RNG电子竞技俱乐部  送上奖杯，和我一起为喜爱的战队加油吧！点击送奖杯↓LPL战队势力榜 ,,,,,2019-06-22,微博体育,0,0,0,2019LPL,RNG电子竞技俱乐部
4385741113187003,HzYw7dn5h,我似乎要追不上阿皇的步伐了 ,,,,,2019-06-21,周震南的南极星,0,4,0,,
4385642698079612,HzVXnxTSk,#2019LPL#我已为@xiaohuOuO 送上奖杯，他是我心中的MVP，快来和我一起为喜爱的选手打CALL吧！点击送奖杯↓LPL选手打CALL榜 ,,,,,2019-06-21,微博体育,0,0,0,2019LPL,xiaohuOuO
4385642689900553,HzVXmFxAl,#2019LPL#我已为@UziQAQ 送上奖杯，他是我心中的MVP，快来和我一起为喜爱的选手打CALL吧！点击送奖杯↓LPL选手打CALL榜 ,,,,,2019-06-21,微博体育,0,0,0,2019LPL,UziQAQ
4384579231734814,Hzui77hiS,#手游名人赛# 王者人气榜正在进行时！我已为@RNG一笑 投票打call，他是我心中的最佳王者荣耀主播！pick你最喜爱的王者荣耀人气主播，即刻投票助力他成为手游名人赛队长！手游名人赛王者人气榜 ,,,,,2019-06-18,微博体育,0,0,0,手游名人赛,RNG一笑
4384276227241122,HzmpounKi,某些ycf换头像这波操作实属恶臭.... ,,,,,2019-06-17,周震南的南极星,1,0,0,,
4383452193534444,Hz0YjePta,#2019LPL#我已为@xiaohuOuO 送上奖杯，他是我心中的MVP，快来和我一起为喜爱的选手打CALL吧！点击送奖杯↓LPL选手打CALL榜 ,,,,,2019-06-15,微博体育,0,0,0,2019LPL,xiaohuOuO
4383181316719487,HyTVpsc2P,#2019LPL#我已为@RNG电子竞技俱乐部  送上奖杯，和我一起为喜爱的战队加油吧！点击送奖杯↓LPL战队势力榜 ,,,,,2019-06-14,微博体育,0,0,0,2019LPL,RNG电子竞技俱乐部
4383124680819022,HySs43r42,我日！我入洛囡了！ ,,,,,2019-06-14,周震南的南极星,0,0,0,,
4382758711197530,HyIVN51x0,舒服了ovo ,,,,,2019-06-13,周震南的南极星,2,2,0,,
4382293298350337,HywP7z2iR,#2019LPL#我已为RNG.Karsa送上奖杯，他是我心中的MVP，快来和我一起为喜爱的选手打CALL吧！点击下方送奖杯↓LPL选手打CALL榜 ,,,,,2019-06-12,微博体育,0,0,0,2019LPL,
4382291956514393,HywMXrkGR,依萍的🍉着实让我震惊 ,,,,,2019-06-12,周震南的南极星,1,3,0,,
4381604673841495,HyeUrg7lB,#2019KPL春季赛#我已为@RNGM虔诚 送上奖杯！他是我心中的最佳打野，快来为你喜爱的选手加油吧！KPL最佳打野榜 ,,,,,2019-06-10,微博体育,1,0,0,2019KPL春季赛,RNGM虔诚
4381604669179096,HyeUqCvTW,#2019KPL春季赛#我已为@RNGM雨雨 送上奖杯！他是我心中的最佳下路，快来为你喜爱的选手加油吧！KPL最佳下路榜 ,,,,,2019-06-10,微博体育,0,0,0,2019KPL春季赛,RNGM雨雨
4381604644243754,HyeUohNZE,#2019KPL春季赛#我已为@RNGM凉晨 送上奖杯！他是我心中的最佳上路，快来为你喜爱的选手加油吧！网页链接 ,,,,,2019-06-10,微博体育,0,0,0,2019KPL春季赛,RNGM凉晨
4381604631624548,HyeUn6OCo,#2019KPL春季赛#我已为@RNGMZero 送上奖杯！他是我心中的最佳辅助，快来为你喜爱的选手加油吧！KPL最佳辅助榜 ,,,,,2019-06-10,微博体育,0,0,0,2019KPL春季赛,RNGMZero
4381604615032627,HyeUll7dp,#2019KPL春季赛#我已为@RNGM暴风锐 送上奖杯！他是我心中的最佳中路，快来为你喜爱的选手加油吧！KPL最佳中路榜 ,,,,,2019-06-10,微博体育,0,0,0,2019KPL春季赛,RNGM暴风锐
4381604573512223,HyeUheJGL,#2019LPL#我已为@xiaohuOuO 送上奖杯，他是我心中的MVP，快来和我一起为喜爱的选手打CALL吧！点击下方送奖杯↓LPL选手打CALL榜 ,,,,,2019-06-10,微博体育,0,0,0,2019LPL,xiaohuOuO
4381546650232496,HydoR0YtW,#2019LPL#我已为@RNG电子竞技俱乐部  送上奖杯，和我一起为喜爱的战队加油吧！点击下方送奖杯↓LPL战队势力榜 ,,,,,2019-06-10,微博体育,0,0,0,2019LPL,RNG电子竞技俱乐部
4381364390329500,Hy8ET1nIw,我有丶害怕以后公演台上十一人来一句“那得吧”然后台下一堆粉丝在“得吧” ,,,,,2019-06-09,周震南的南极星,0,3,0,,
4381295192426795,Hy6RhabjR,阴阳师手游 大触觉醒 X LBS鬼王来袭！花泽香菜亲临颁奖现场，成功挑战鬼王更可赢取丰厚奖励，惊喜掉落666张神秘符咒！ ,,https://wx2.sinaimg.cn/large/0076Almvgy1g3uxwth2s6j30vk0hswit.jpg,,,2019-06-09,周震南的南极星,0,0,0,,
4381295176006779,Hy6RfpcDx,阴阳师手游 大触觉醒 X LBS鬼王来袭！花泽香菜亲临颁奖现场，成功挑战鬼王更可赢取丰厚奖励，惊喜掉落666张神秘符咒！ ,,https://wx1.sinaimg.cn/large/0076Almvgy1g3uxwtnxauj30vk0hswit.jpg,,,2019-06-09,周震南的南极星,0,0,0,,
4381239458968906,Hy5pnBDdM,#2019KPL春季赛#我已为@RNGM凉晨 送上奖杯！他是我心中的最佳上路，快来为你喜爱的选手加油吧！网页链接 ,,,,,2019-06-09,微博体育,0,0,0,2019KPL春季赛,RNGM凉晨
4381239434018060,Hy5plgRhq,#2019KPL春季赛#我已为@RNGMZero 送上奖杯！他是我心中的最佳辅助，快来为你喜爱的选手加油吧！KPL最佳辅助榜 ,,,,,2019-06-09,微博体育,0,0,0,2019KPL春季赛,RNGMZero
4381239421133436,Hy5pk4KRe,#2019KPL春季赛#我已为@RNGM虔诚 送上奖杯！他是我心中的最佳打野，快来为你喜爱的选手加油吧！KPL最佳打野榜 ,,,,,2019-06-09,微博体育,0,0,0,2019KPL春季赛,RNGM虔诚
4381239400406377,Hy5pi1HIt,#2019KPL春季赛#我已为@RNGM雨雨 送上奖杯！他是我心中的最佳下路，快来为你喜爱的选手加油吧！KPL最佳下路榜 ,,,,,2019-06-09,微博体育,0,0,0,2019KPL春季赛,RNGM雨雨
4381077940407134,Hy1cS1HUG,#2019LPL#我已为@xiaohuOuO 送上奖杯，他是我心中的MVP，快来和我一起为喜爱的选手打CALL吧！点击下方送奖杯↓LPL选手打CALL榜 ,,,,,2019-06-09,微博体育,0,0,0,2019LPL,xiaohuOuO
4381076409088122,Hy1aoC8eC,#会员七周年# 玩点新花样！个性微博来源限量开放，给你的微博来点花样！我已领取周震南的南极星 限量小尾巴，还有iPhone XS、777元现金红包、终身会员等奖品等你来领取，人人有礼，快来领吧！会员七周年，玩乐有花样 ,,,,,2019-06-09,微博会员中心,0,0,0,会员七周年,
4381068738329661,Hy0Y1yWVn,#2019LPL#我已为@RNG电子竞技俱乐部  送上奖杯，和我一起为喜爱的战队加油吧！点击下方送奖杯↓LPL战队势力榜 ,,,,,2019-06-09,微博体育,0,0,0,2019LPL,RNG电子竞技俱乐部
4381056498753899,Hy0EhAJhV,三千七百多万！！南南断层c！！！！ ,,,,,2019-06-08,HUAWEI nova 2s,0,0,0,,
4381044243343095,Hy0kwe1GT,赵磊逆天改命啊！ ,,,,,2019-06-08,HUAWEI nova 2s,0,0,0,,
4381043849398955,Hy0jSDr63,赵磊啊啊啊啊啊啊啊啊啊啊啊啊！！啊啊啊啊啊 ,,,,,2019-06-08,HUAWEI nova 2s,0,0,0,,
4381039499349761,Hy0cRDeiB,？？？递酒壶我他妈笑出声你们是在搞水浒传吗🙉🙉🙉 ,,,,,2019-06-08,HUAWEI nova 2s,0,0,0,,
4381038857482786,Hy0bPvoC6,我为#创造营2019#学员@创造营2019-周震南 打call，期待他的更多精彩表现！#创始人许愿池#小蛮腰创造营打call区 ,,,,,2019-06-08,台网话题,0,0,0,"创造营2019,创始人许愿池",创造营2019-周震南
4381022533254921,HxZLvdEKJ,赵磊！赵磊！赵磊啊啊啊啊啊啊啊啊 ,,,,,2019-06-08,HUAWEI nova 2s,2,0,0,,
4380998667677558,HxZ90wdhA,下路组99狗明🔒了🔑我吞了 ,,https://wx3.sinaimg.cn/large/0076Almvgy1g3tzu7ner5j30m405zt91.jpg,,,2019-06-08,HUAWEI nova 2s,6,0,0,,
4380851498217511,HxVjDytKv,#2019LPL#我已为@RNG电子竞技俱乐部  送上奖杯，和我一起为喜爱的战队加油吧！点击下方送奖杯↓LPL战队势力榜 ,,,,,2019-06-08,微博体育,0,0,0,2019LPL,RNG电子竞技俱乐部
4380851200597954,HxVja2vyq,孽力回馈来得这么早 ,,,,,2019-06-08,HUAWEI nova 2s,0,4,0,,
4380517530882065,HxMCZ3HsR,阴阳师手游  我获得了一个全新的皮肤，随手分享喜悦~?( °?° )? ,,https://wx3.sinaimg.cn/large/0076Almvgy1g3sgljdi2bj30k00a075g.jpg,,,2019-06-07,阴阳师,1,6,0,,
4380517513913728,HxMCXgq8E,阴阳师手游  我获得了一个全新的皮肤，随手分享喜悦~?( °?° )? ,,https://wx1.sinaimg.cn/large/0076Almvgy1g3sgljibw3j30k00a075g.jpg,,,2019-06-07,阴阳师,1,0,0,,
4380496047957312,HxM4kxo3K,#2019LPL#我已为RNG.Karsa送上奖杯，他是我心中的MVP，快来和我一起为喜爱的选手打CALL吧！点击下方送奖杯↓LPL选手打CALL榜 ,,,,,2019-06-07,微博体育,0,0,0,2019LPL,
4380495976234695,HxM4dq9VB,#2019KPL春季赛#我已为@RNGMZero 送上奖杯！他是我心中的最佳辅助，快来为你喜爱的选手加油吧！KPL最佳辅助榜 ,,,,,2019-06-07,微博体育,0,0,0,2019KPL春季赛,RNGMZero
4380495942902528,HxM4acb4Y,#2019KPL春季赛#我已为@RNGM凉晨 送上奖杯！他是我心中的最佳上路，快来为你喜爱的选手加油吧！网页链接 ,,,,,2019-06-07,微博体育,0,0,0,2019KPL春季赛,RNGM凉晨
4380495892456371,HxM45aj0T,#2019KPL春季赛#我已为@RNGM暴风锐 送上奖杯！他是我心中的最佳中路，快来为你喜爱的选手加油吧！KPL最佳中路榜 ,,,,,2019-06-07,微博体育,0,0,0,2019KPL春季赛,RNGM暴风锐
4380495867493816,HxM42vru0,#2019KPL春季赛#我已为@RNGM虔诚 送上奖杯！他是我心中的最佳打野，快来为你喜爱的选手加油吧！KPL最佳打野榜 ,,,,,2019-06-07,微博体育,0,0,0,2019KPL春季赛,RNGM虔诚
4380495733230165,HxM3Pdyjr,#2019LPL#我已为@RNG电子竞技俱乐部  送上奖杯，和我一起为喜爱的战队加油吧！点击下方送奖杯↓LPL战队势力榜 ,,,,,2019-06-07,微博体育,0,0,0,2019LPL,RNG电子竞技俱乐部
4380294557357930,HxGPluS8i,🐺！！！我要大喊一句！真香！ ,,,,,2019-06-06,HUAWEI nova 2s,2,0,0,,
4380261678142263,HxFYjyaaP,好了我知道了，原来是虚拟团不是出道叫这个奇奇怪怪的名字🙉🙉🙉🙊🙊🙊 ,,,,,2019-06-06,HUAWEI nova 2s,0,1,0,,
4380093051211106,HxBAl553Y,#2019KPL春季赛#我已为@RNGMZero 送上奖杯！他是我心中的最佳辅助，快来为你喜爱的选手加油吧！KPL最佳辅助榜 ,,,,,2019-06-06,微博体育,0,0,0,2019KPL春季赛,RNGMZero
4380093021406303,HxBAi5TQj,#2019KPL春季赛#我已为@RNGM凉晨 送上奖杯！他是我心中的最佳上路，快来为你喜爱的选手加油吧！网页链接 ,,,,,2019-06-06,微博体育,0,0,0,2019KPL春季赛,RNGM凉晨
4380092996512521,HxBAfrkcF,#2019KPL春季赛#我已为@RNGM雨雨 送上奖杯！他是我心中的最佳下路，快来为你喜爱的选手加油吧！KPL最佳下路榜 ,,,,,2019-06-06,微博体育,0,0,0,2019KPL春季赛,RNGM雨雨
4380092953822573,HxBAbg2qp,#2019KPL春季赛#我已为@RNGM虔诚 送上奖杯！他是我心中的最佳打野，快来为你喜爱的选手加油吧！KPL最佳打野榜 ,,,,,2019-06-06,微博体育,0,0,0,2019KPL春季赛,RNGM虔诚
4380092937016878,HxBA9trps,#PCL2019#我已为@RNG-FPS分部 送上奖杯！他是我心中的MVP战队，快来为你喜爱的战队加油吧！PCL战队势力榜 ,,,,,2019-06-06,微博体育,0,0,0,PCL2019,RNG-FPS分部
4380092891564042,HxBA56ySu,#2019LPL#我已为@rngming  送上奖杯，他是我心中的MVP，快来和我一起为喜爱的选手打CALL吧！点击下方送奖杯↓LPL选手打CALL榜 ,,,,,2019-06-06,微博体育,0,0,0,2019LPL,rngming
4379927006432207,HxxgwqZjh,一颗赤子之心，一路乘风破浪，我支持#创造营2019#学员@创造营2019-周震南 ，为他打call助力！#创始人许愿池#我为#创造营2019#学员@创造营2019-周震南 打call，期待他的更多精彩表现！#创始人许愿池# 小蛮腰创造营打call区 ,,,,,2019-06-05,HUAWEI nova 2s,0,0,0,"创造营2019,创始人许愿池,创造营2019,创始人许愿池","创造营2019-周震南,创造营2019-周震南"
4379926851097852,Hxxgh4BBi,我在#创造营2019#为我支持的学员@创造营2019-周震南 打call！助他实现破浪之旅！#创始人许愿池#小蛮腰创造营打call区 ,,,,,2019-06-05,台网话题,0,0,0,"创造营2019,创始人许愿池",创造营2019-周震南
4379926490964326,HxxfH42RE,#2019LPL#我已为@UziQAQ  送上奖杯，他是我心中的MVP，快来和我一起为喜爱的选手打CALL吧！点击下方送奖杯↓LPL选手打CALL榜 ,,,,,2019-06-05,微博体育,0,0,0,2019LPL,UziQAQ
4379926461399864,HxxfE5Sas,你妈的是在选秀吗咋又有榜单了？ ,,,,,2019-06-05,HUAWEI nova 2s,2,4,0,,
4379926356540905,HxxftrrAt,#2019LPL#我已为@RNG电子竞技俱乐部  送上奖杯，和我一起为喜爱的战队加油吧！点击下方送奖杯↓LPL战队势力榜 ,,,,,2019-06-05,微博体育,0,0,0,2019LPL,RNG电子竞技俱乐部
4379753022621717,HxsJUb01L,换个小号就又是一条好汉所以这事就当看猴戏 ,,,,,2019-06-05,HUAWEI nova 2s,0,2,0,,
4379708810237088,HxrAB0ZG0,#2019KPL春季赛#我已为@RNGM凉晨 送上奖杯！他是我心中的最佳上路，快来为你喜爱的选手加油吧！网页链接 ,,,,,2019-06-05,微博体育,0,0,0,2019KPL春季赛,RNGM凉晨
4379708713695957,HxrArfvud,#2019KPL春季赛#我已为@RNGM虔诚 送上奖杯！他是我心中的最佳打野，快来为你喜爱的选手加油吧！KPL最佳打野榜 ,,,,,2019-06-05,微博体育,0,0,0,2019KPL春季赛,RNGM虔诚
4379708684650910,HxrAojvUG,#2019KPL春季赛#我已为@RNGM暴风锐 送上奖杯！他是我心中的最佳中路，快来为你喜爱的选手加油吧！KPL最佳中路榜 ,,,,,2019-06-05,微博体育,0,0,0,2019KPL春季赛,RNGM暴风锐
4379708647242842,HxrAkuoc2,#2019KPL春季赛#我已为@RNGMZero 送上奖杯！他是我心中的最佳辅助，快来为你喜爱的选手加油吧！KPL最佳辅助榜 ,,,,,2019-06-05,微博体育,0,0,0,2019KPL春季赛,RNGMZero
4379708579387929,HxrAdDoed,#2019LPL#我已为@RNG电子竞技俱乐部 送上奖杯！快来为你喜爱的战队加油吧！2019LPL战队势力榜 ,,,,,2019-06-05,微博体育,0,0,0,2019LPL,RNG电子竞技俱乐部
4379544112333774,HxniX9N7w,big胆！还讲！🥦姐都生气了！ ,,,,,2019-06-04,HUAWEI nova 2s,0,2,0,,
4379493567132866,HxlZqtVAe,毒唯傻逼over ,,,,,2019-06-04,HUAWEI nova 2s,5,2,0,,
4379356900376156,Hxir01zR2,#PCL2019#我已为@RNG-FPS分部 送上奖杯！他是我心中的MVP战队，快来为你喜爱的战队加油吧！PCL战队势力榜 ,,,,,2019-06-04,微博体育,0,0,0,PCL2019,RNG-FPS分部
4379356585091125,HxiqulmqV,#2019LPL#我已为@RNG电子竞技俱乐部 送上奖杯！快来为你喜爱的战队加油吧！2019LPL战队势力榜 ,,,,,2019-06-04,微博体育,0,0,0,2019LPL,RNG电子竞技俱乐部
4379356279175129,HxipZCuRX,#2019KPL春季赛#我已为@RNGMZero 送上奖杯！他是我心中的最佳辅助，快来为你喜爱的选手加油吧！KPL最佳辅助榜 ,,,,,2019-06-04,微博体育,0,0,0,2019KPL春季赛,RNGMZero
4379356249779874,HxipWF2bU,#2019KPL春季赛#我已为@RNGM凉晨 送上奖杯！他是我心中的最佳上路，快来为你喜爱的选手加油吧！网页链接 ,,,,,2019-06-04,微博体育,0,0,0,2019KPL春季赛,RNGM凉晨
4379356191448746,HxipR64SS,#2019KPL春季赛#我已为@RNGM雨雨 送上奖杯！他是我心中的最佳下路，快来为你喜爱的选手加油吧！KPL最佳下路榜 ,,,,,2019-06-04,微博体育,0,0,0,2019KPL春季赛,RNGM雨雨
4379356162060062,HxipO8DUO,#2019KPL春季赛#我已为@RNGM虔诚 送上奖杯！他是我心中的最佳打野，快来为你喜爱的选手加油吧！KPL最佳打野榜 ,,,,,2019-06-04,微博体育,0,0,0,2019KPL春季赛,RNGM虔诚
4379130558642934,HxcxVAgqa,#2019KPL春季赛#我已为@RNGM凉晨 送上奖杯！他是我心中的最佳上路，快来为你喜爱的选手加油吧！网页链接 ,,,,,2019-06-03,微博体育,0,0,0,2019KPL春季赛,RNGM凉晨
4379130499465380,HxcxPDInq,#2019KPL春季赛#我已为@RNGM虔诚 送上奖杯！他是我心中的最佳打野，快来为你喜爱的选手加油吧！KPL最佳打野榜 ,,,,,2019-06-03,微博体育,0,0,0,2019KPL春季赛,RNGM虔诚
4378887260008091,Hx6dw026v,#2019LPL#我已为@RNG电子竞技俱乐部 送上奖杯！快来为你喜爱的战队加油吧！2019LPL战队势力榜 ,,,,,2019-06-03,微博体育,0,0,0,2019LPL,RNG电子竞技俱乐部
4378886417043154,Hx6c9tyfg,阿锅生日快乐@mlxgzzz ,,,,,2019-06-03,HUAWEI nova 2s,0,0,0,,mlxgzzz
4378881114568012,Hx63BjalC,#2019KPL春季赛#我已为@RNGM凉晨 送上奖杯！他是我心中的最佳上路，快来为你喜爱的选手加油吧！网页链接 ,,,,,2019-06-02,微博体育,0,0,0,2019KPL春季赛,RNGM凉晨
4378881043607366,Hx63uf8rk,#2019KPL春季赛#我已为@RNGM暴风锐 送上奖杯！他是我心中的最佳中路，快来为你喜爱的选手加油吧！KPL最佳中路榜 ,,,,,2019-06-02,微博体育,0,0,0,2019KPL春季赛,RNGM暴风锐
4378880993151810,Hx63pddVE,#2019KPL春季赛#我已为@RNGM虔诚 送上奖杯！他是我心中的最佳打野，快来为你喜爱的选手加油吧！KPL最佳打野榜 ,,,,,2019-06-02,微博体育,0,0,0,2019KPL春季赛,RNGM虔诚
4378880942955916,Hx63kcoY4,#2019KPL春季赛#我已为@RNGMZero 送上奖杯！他是我心中的最佳辅助，快来为你喜爱的选手加油吧！KPL最佳辅助榜 ,,,,,2019-06-02,微博体育,0,0,0,2019KPL春季赛,RNGMZero
4378840946031695,Hx50Opj7p,#2019LPL#我已为@RNG电子竞技俱乐部 送上奖杯！快来为你喜爱的战队加油吧！2019LPL战队势力榜 ,,,,,2019-06-02,微博体育,0,0,0,2019LPL,RNG电子竞技俱乐部
4378838722729973,Hx4XebsbP,嗷嗷嗷嗷嗷哦今晚我收获了快乐！我的大皇呜呜呜 ,,,,,2019-06-02,HUAWEI nova 2s,4,0,0,,
4378724873487466,Hx1ZBeDfs,等下，🍑618就在6.1和6.2这么过了？不是6.18吗 ,,,,,2019-06-02,HUAWEI nova 2s,0,0,0,,
4378507515494158,HwWl1n3hs,#2019LPL#我已为@RNG电子竞技俱乐部 送上奖杯！快来为你喜爱的战队加油吧！2019LPL战队势力榜 ,,,,,2019-06-01,微博体育,0,0,0,2019LPL,RNG电子竞技俱乐部
4378501929441665,HwWc0DCcV,我妈看到瞎逛排名下降觉得🐧有内幕愤怒的掏出手机决定天天给瞎逛点赞了........🙊🙊🙊🙊🙊 ,,,,,2019-06-01,HUAWEI nova 2s,3,0,0,,
4378486065845227,HwVMqowBR,夏逛哭我也好难过啊 ,,,,,2019-06-01,HUAWEI nova 2s,1,0,0,,
4378382164627172,HwT4QjpJO,一颗赤子之心，一路乘风破浪，我支持#创造营2019#学员@创造营2019-周震南 ，为他打call助力！#创始人许愿池#我为#创造营2019#学员@创造营2019-周震南 打call，期待他的更多精彩表现！#创始人许愿池#  小蛮腰创造营打call区 ,,,,,2019-06-01,HUAWEI nova 2s,0,0,0,"创造营2019,创始人许愿池,创造营2019,创始人许愿池","创造营2019-周震南,创造营2019-周震南"
4378382021949211,HwT4C8b4T,我为#创造营2019#学员@创造营2019-周震南 打call，期待他的更多精彩表现！#创始人许愿池#小蛮腰创造营打call区 ,,,,,2019-06-01,台网话题,0,0,0,"创造营2019,创始人许愿池",创造营2019-周震南
4378098055400327,HwLGBmES3,我的一个道姑朋友怎么变成和剑三无关了，why❓❓❓❓今天养猪场sl吗？sl. ,,,,,2019-05-31,HUAWEI nova 2s,3,0,0,,
4377626883511360,HwzqEeJsQ,阴阳师手游 急急如律令！我在「阴阳师」中召唤了强大的式神，来和我一起游历平安京吧。 网页链接 ,,https://wx4.sinaimg.cn/large/0076Almvgy1g3j8m3my8aj30k00a0q4j.jpg,,,2019-05-30,阴阳师,0,5,0,,
4377625914736690,Hwzp5jSee,阴阳师手游 愿予必成，有求必应！全新SP御怨般若降临平安京！SP/SSR概率集结翻升，快去缔结契约吧！ ,,https://wx3.sinaimg.cn/large/0076Almvgy1g3j8i0xw16j30vk0hs0ye.jpg,,,2019-05-30,阴阳师,0,3,0,,
4377625898148417,Hwzp3ybM5,阴阳师手游 愿予必成，有求必应！全新SP御怨般若降临平安京！SP/SSR概率集结翻升，快去缔结契约吧！ ,,https://wx4.sinaimg.cn/large/0076Almvgy1g3j8i17zhmj30vk0hs0ye.jpg,,,2019-05-30,阴阳师,0,0,0,,
4376507251784224,Hw6iN7u9O,#2019LPL#我已为@皇族电子竞技俱乐部 送上奖杯！快来为你喜爱的战队加油吧！2019LPL战队势力榜 ,,,,,2019-05-27,微博体育,0,0,0,2019LPL,皇族电子竞技俱乐部
4376488805544625,Hw5P2ngpr,我要成为一个剪刀手给南南剪安利视频ヾ(❀╹◡╹)ﾉ~ ,,,,,2019-05-27,HUAWEI nova 2s,0,0,0,,
4376475308429929,Hw5tgzn0B,到底还有多少把我南放在次要的cp狗哦，本质是唯粉，偏要披皮cpf ,,,,,2019-05-27,HUAWEI nova 2s,0,0,0,,
4376128712049318,HvWsf8B7w,所以能告诉我为什么不去舞rs吗。真废 ,,,,,2019-05-26,HUAWEI nova 2s,0,0,0,,
4375182162365383,HvxPy9Vll,#创造营2019#和我一起为创造营学员点赞助力，见证他们每一次的突破与成长！创造营2019微博点赞通道 ,,,,,2019-05-23,创造营2019点赞通道,0,0,0,创造营2019,
4375027597874414,HvtOfx2uG,为什么不哭！为什么不哭啊！你看看别人，哭了千万yxh给他发稿，你为什么不哭！！！哭了的孩子才有糖吃！！ ,,,,,2019-05-23,HUAWEI nova 2s,0,0,0,,
4374866146662558,HvpBQrXeC,🖤今天slm司捷今天slm🐧今天slm清清白白素人今天又买热搜和yxh了吗 ,,,,,2019-05-22,HUAWEI nova 2s,5,2,0,,
4374860870291093,Hvptl1dJ3,我难过的是不管是粉丝还是选手还是队伍，都回不到过去了。今日双重打击，难过。 ,,,,,2019-05-22,HUAWEI nova 2s,7,0,0,,
4374859876764913,HvprJsnRv,努力真的有用吗？这是我今年看过最伤心的话了 ,,https://wx2.sinaimg.cn/large/0076Almvgy1g3aetspvsdj30hs0tujta.jpg,,,2019-05-22,HUAWEI nova 2s,1,0,0,,
4374754171455815,HvmHf66IT,我透你奶奶，怼你几句还去挂人了？自己要去把粉圈的东西往群里拱，不知道圈有壁？以及爷不恋丑 ,,,,,2019-05-22,HUAWEI nova 2s,1,0,0,,
4374745158041380,HvmsHxJVG,易言dd真是快乐宝藏！ ,,,,,2019-05-22,HUAWEI nova 2s,0,0,0,,
4374736135826913,Hvme9orQt,有无超大桶冰激凌推荐！！！ ,,,,,2019-05-22,HUAWEI nova 2s,0,2,0,,
4374386624601273,Hvd8qjj05,wcy还是快点滚吧，你🐎的居然开zz玩笑 ,,,,,2019-05-21,HUAWEI nova 2s,3,3,0,,
4373935484994056,Hv1oMkXbi,#2019LPL#我已为@皇族电子竞技俱乐部 送上奖杯！快来为你喜爱的战队加油吧！2019LPL战队势力榜 ,,,,,2019-05-20,微博体育,0,0,0,2019LPL,皇族电子竞技俱乐部
4373397120821485,HuNos3rHL,所以这一期拉练说排名就是走着走着就散了的意思吗 ,,,,,2019-05-18,HUAWEI nova 2s,0,4,0,,
4373375578778503,HuMPHAPGL,作为女友粉感觉自己格格不入 ,,,,,2019-05-18,HUAWEI nova 2s,0,0,0,,
4373375138719157,HuMOZAAfz,在线做法蜕变出圈🙊🙊🙊🙊🙊 ,,,,,2019-05-18,HUAWEI nova 2s,0,0,0,,
4373345614942323,HuM3nkJIT,@创造营2019-周震南 我在#明星势力榜##创造营2019#榜上pick你， 赤子之心，乘风破浪，我们一起加油！明星势力榜第324位 ,,,,,2019-05-18,HUAWEI nova 2s,0,0,0,"明星势力榜,创造营2019",创造营2019-周震南
4373078315977415,HuF6fp4ZV,#爱豆安利季#@吉利汽车官方微博 动力补给官----缤瑞缤越终极福利来袭！为你喜爱的@创造营2019-周震南  助力加油！助他登上青岛CBD之巅灯光秀。决赛前，一起为他爆灯，助他成团吧！吉利汽车，带创造营小哥哥冲鸭！ 网页链接 ,,https://wx2.sinaimg.cn/large/0076Almvly1g34q7v4m7lj30go0m8mzj.jpg,,,2019-05-17,话题活动_4,1,0,0,爱豆安利季,"吉利汽车官方微博,创造营2019-周震南"
4373067558518973,HuEOTzKaN,完了，开心之余忘记有互关是nan家粉丝了姐妹们受不了可以屏蔽 ,,,,,2019-05-17,HUAWEI nova 2s,2,0,0,,
4373062960986951,HuEHu48Kz,#舒服了# 不管我们以前是否有过矛盾，我是否喷过你，只要是你今天说句舒服了，你就是我兄弟。如果我曾经骂过nmsl，那你今天说句舒服了，她不仅复活了，我还会亲手为您妈穿上复活甲。   ,,,,,2019-05-17,HUAWEI nova 2s,14,4,1,舒服了,
4373059153030058,HuEBlcIfU,#舒服了# 舒服了，很快乐，我okk了，你呢？大师兄真🐮🍺 ,,,,,2019-05-17,HUAWEI nova 2s,5,1,0,舒服了,
4373052853115684,HuErbd4wY,分享图片 ,,"https://wx1.sinaimg.cn/large/0076Almvgy1g34nakuz2nj305604ft8j.jpg,https://wx1.sinaimg.cn/large/0076Almvgy1g34nal5izpj30g40c1djt.jpg",,,2019-05-17,HUAWEI nova 2s,8,4,0,,
4373052491775285,HuEqB7rPD,你妈的，老子舒服了！！！！！ ,,https://wx2.sinaimg.cn/large/0076Almvgy1g34n933jvlj30ch07wweg.jpg,,,2019-05-17,HUAWEI nova 2s,8,0,1,,
4373051853943719,HuEpzgxWn,给我个机会说出那句话 ,,,,,2019-05-17,HUAWEI nova 2s,5,0,0,,
4372950536551320,HuBM9ruis,窝瓜密真牛逼，pldd全变上海油头打工崽🙉🙉🙉🙉🙉🙉🙉这居然是瞎逛，zl和嘉嘉🙉🙉🙉🙉🙉 ,,"https://wx3.sinaimg.cn/large/0076Almvgy1g34bi6at4kj30u00cu3zl.jpg,https://wx2.sinaimg.cn/large/0076Almvgy1g34bi6oe5vj30u00u0411.jpg",,,2019-05-17,HUAWEI nova 2s,0,0,0,,
4372904982419927,HuAAGa9x5,夏季赛给老子宣啊 ,,,,,2019-05-17,HUAWEI nova 2s,1,2,0,,
4372233314866115,Huj7lkpTJ,一颗赤子之心，一路乘风破浪，我支持#创造营2019#学员@创造营2019-周震南 ，为他打call助力！#创始人许愿池# 小蛮腰创造营打call区 ,,,,,2019-05-15,HUAWEI nova 2s,0,0,0,"创造营2019,创始人许愿池",创造营2019-周震南
4372233289646749,Huj7iEtyJ,我为#创造营2019#学员@创造营2019-周震南 打call，期待他的更多精彩表现！#创始人许愿池# 小蛮腰创造营打call区 ,,,,,2019-05-15,HUAWEI nova 2s,0,0,0,"创造营2019,创始人许愿池",创造营2019-周震南
4372232576616950,Huj69rLn0,我在#创造营2019#为我支持的学员@创造营2019-周震南 打call！助他实现破浪之旅！#创始人许愿池#小蛮腰创造营打call区 ,,,,,2019-05-15,台网话题,0,0,0,"创造营2019,创始人许愿池",创造营2019-周震南
4371780762450685,Hu7lqahxb,top真尼玛惨超话都搜不出 ,,,,,2019-05-14,HUAWEI nova 2s,1,0,0,,
4371465724087858,HtZ9ih9rc,新一期宝藏挖，我南把我笑到打鸣哈哈哈哈哈哈哈哈哈哈哈哈哈哈哈哈哈哈哈哈哈哈哈哈 ,,,,,2019-05-13,HUAWEI nova 2s,0,0,0,,
4371173426983138,HtRxQtiDg,追梦的蚂蚁又称追梦的wjf一不搞创的小姐妹和我如是说道哈哈哈哈哈哈哈哈哈哈哈哈哈哈哈哈哈哈哈哈哈哈哈哈哈哈哈哈哈哈哈哈 ,,,,,2019-05-12,HUAWEI nova 2s,1,0,0,,
4371131605422124,HtQsomKxC,听说有几家维权的号都被炸掉了您家可真牛逼 ,,,,,2019-05-12,HUAWEI nova 2s,1,4,0,,
4371123359612288,HtQf5EkAU,最后一句比喻我实名制反对你妈的，好个屁 ,,https://wx3.sinaimg.cn/large/0076Almvgy1g2yhoizymfj30te0kqjv4.jpg,,,2019-05-12,HUAWEI nova 2s,0,5,0,,
4370904379546752,HtKxTE3xS,他真的是一个闪着光的人啊我真的好喜欢他 ,,,,,2019-05-11,HUAWEI nova 2s,1,0,0,,
4370781326352464,HtHlqqEz6,#创造营2019#点赞助力，为创造营学员加油！陪伴他们一路进步，不断成长！创造营2019微博点赞通道 ,,,,,2019-05-11,创造营2019点赞通道,0,0,0,创造营2019,
4370525540850148,HtAGS3za4,#创造营2019#赤子之心，乘风破浪，为学员点赞助力，陪他一起向梦想出发！创造营2019微博点赞通道 ,,,,,2019-05-10,创造营2019点赞通道,0,0,0,创造营2019,
4369982894716571,HtmzDjMZJ,我是男团创始人，我为#创造营2019#学员点赞，愿他一直保持赤子之心，一路乘风破浪！创造营2019微博点赞通道 ,,,,,2019-05-09,创造营2019点赞通道,0,0,0,创造营2019,
4369981657409296,HtmxDv5uM,@ 粉丝建议众筹买选手sbjlb没得指望 ,,,,,2019-05-09,HUAWEI nova 2s,0,7,0,,
4369690853652623,HteYBfkdh,为什么搞创也这么累 ,,https://wx2.sinaimg.cn/large/0076Almvgy1g2tx6a5k6rj30j60j6gmp.jpg,,,2019-05-08,HUAWEI nova 2s,0,0,0,,
4369450369386292,Ht8IIDnNO,#创造营网瘾戒断中心#zzn南南因为没有手机整个人都要沙雕了@创造营2019-周震南 ,,"https://wx2.sinaimg.cn/large/0076Almvgy1g2t5jc5eq7j32q12q1e82.jpg,https://wx2.sinaimg.cn/large/0076Almvgy1g2t5jcrflqg308g08gafm.gif,https://wx3.sinaimg.cn/large/0076Almvgy1g2t5jdtzdfj30ku112jvu.jpg,https://wx4.sinaimg.cn/large/0076Almvgy1g2t5jeb9jrj30h00m8q5c.jpg,https://wx2.sinaimg.cn/large/0076Almvgy1g2t5jeqo5aj30u017o13d.jpg",,,2019-05-07,HUAWEI nova 2s,0,0,0,创造营网瘾戒断中心,创造营2019-周震南
4368726331165528,HsPSV4TcQ,我为纯甄小蛮腰#创造营2019#  @创造营2019-周震南  送出了能量卡，男团创始人们快来为你支持的学员加油助力吧！@腾讯视频创造营2019 @微博综艺 纯甄小蛮腰#创造营2019#加油能量榜 ,,,,,2019-05-05,能量榜,0,0,0,创造营2019,"创造营2019-周震南,腾讯视频创造营2019,微博综艺"
4368726298112471,HsPSRy2qj,@创造营2019-周震南 我在纯甄小蛮腰#创造营2019#加油能量榜为你补充能量，助力你怀抱赤子之心，一路乘风破浪！@腾讯视频创造营2019 @微博综艺 纯甄小蛮腰#创造营2019#加油能量榜 ,,,,,2019-05-05,HUAWEI nova 2s,0,0,0,创造营2019,"创造营2019-周震南,腾讯视频创造营2019,微博综艺"
4368530918398263,HsKNJzeLR,#创造营2019#赤子之心，乘风破浪，为学员点赞助力，陪他一起向梦想出发！创造营2019微博点赞通道 ,,,,,2019-05-05,创造营2019点赞通道,0,0,0,创造营2019,
4368372978326468,HsGGZyW5S,有事大三角，无事齐与琛。累了累了，还是打投吧。连我妈都看出来镜头的偏向和鹅的选择和剧本了 ,,,,,2019-05-04,HUAWEI nova 2s,0,0,0,,
4368362488502826,HsGq4zFYm,对7挺失望的做不到你就别许诺ok？ ,,,,,2019-05-04,HUAWEI nova 2s,1,13,0,,
4368178861641941,HsBDU6T8V,我为纯甄小蛮腰#创造营2019#  @创造营2019-周震南  送出了能量卡，男团创始人们快来为你支持的学员加油助力吧！@腾讯视频创造营2019 @微博综艺 纯甄小蛮腰#创造营2019#加油能量榜 ,,,,,2019-05-04,能量榜,0,0,0,创造营2019,"创造营2019-周震南,腾讯视频创造营2019,微博综艺"
4368178812016421,HsBDP8syV,@创造营2019-周震南 我在纯甄小蛮腰#创造营2019#加油能量榜为你补充能量，助力你怀抱赤子之心，一路乘风破浪！@腾讯视频创造营2019 @微博综艺 纯甄小蛮腰#创造营2019#加油能量榜 ,,,,,2019-05-04,HUAWEI nova 2s,0,0,0,创造营2019,"创造营2019-周震南,腾讯视频创造营2019,微博综艺"
4368178660038849,HsBDA0a6B,#创造营2019#点赞助力，为创造营学员加油！陪伴他们一路进步，不断成长！创造营2019微博点赞通道 ,,,,,2019-05-04,创造营2019点赞通道,0,0,0,创造营2019,
4367920379684486,HsuUZEDno,#创造营2019#点赞助力，为创造营学员加油！陪伴他们一路进步，不断成长！创造营2019微博点赞通道 ,,,,,2019-05-03,创造营2019点赞通道,0,0,0,创造营2019,
4367533182051060,HskQu8BzC,#爱豆安利季#@吉利汽车官方微博 动力补给官 ----缤瑞缤越三轮燃炸福利来袭！为你喜爱的@创造营2019-周震南  助力加油！爱他就为他pick 125米高的“亚洲之光”LED屏。吉利汽车，带创造营小哥哥冲鸭！ 网页链接 ,,https://wx4.sinaimg.cn/large/0076Almvly1g2n1da54kxj30go0m8mzj.jpg,,,2019-05-02,话题活动_4,0,0,0,爱豆安利季,"吉利汽车官方微博,创造营2019-周震南"
4367514303773750,Hskm2fPIW,我为纯甄小蛮腰#创造营2019#  @创造营2019-周震南  送出了能量卡，男团创始人们快来为你支持的学员加油助力吧！@腾讯视频创造营2019 @微博综艺 纯甄小蛮腰#创造营2019#加油能量榜 ,,,,,2019-05-02,能量榜,0,0,0,创造营2019,"创造营2019-周震南,腾讯视频创造营2019,微博综艺"
4367514253014233,HsklXcE8F,@创造营2019-周震南 我在纯甄小蛮腰#创造营2019#加油能量榜为你补充能量，助力你怀抱赤子之心，一路乘风破浪！@腾讯视频创造营2019 @微博综艺 纯甄小蛮腰#创造营2019#加油能量榜 ,,,,,2019-05-02,HUAWEI nova 2s,0,0,0,创造营2019,"创造营2019-周震南,腾讯视频创造营2019,微博综艺"
4367513577725743,HskkRwpOL,#创造营2019#和我一起为创造营学员点赞助力，见证他们每一次的突破与成长！创造营2019微博点赞通道 ,,,,,2019-05-02,创造营2019点赞通道,0,0,0,创造营2019,
4367462293676083,Hsj09fqjF,我在#创造营2019#为我支持的学员@创造营2019-周震南 打call！助他实现破浪之旅！#创始人许愿池# 小蛮腰创造营打call区 ,,,,,2019-05-02,HUAWEI nova 2s,0,0,0,"创造营2019,创始人许愿池",创造营2019-周震南
4367462084624012,HsiZOjoUQ,我在#创造营2019#为我支持的学员@创造营2019-周震南 打call！助他实现破浪之旅！#创始人许愿池#小蛮腰创造营打call区 ,,,,,2019-05-02,台网话题,1,0,0,"创造营2019,创始人许愿池",创造营2019-周震南
4367186258881293,HsbOVBgqF,#PCL2019#我已为@RNG-FPS分部 送上奖杯！他是我心中的MVP战队，快来为你喜爱的战队加油吧！PCL战队势力榜 ,,,,,2019-05-01,微博体育,0,0,0,PCL2019,RNG-FPS分部
4367088468246314,Hs9hcyBf4,我为纯甄小蛮腰#创造营2019#  @创造营2019-周震南  送出了能量卡，男团创始人们快来为你支持的学员加油助力吧！@腾讯视频创造营2019 @微博综艺 纯甄小蛮腰#创造营2019#加油能量榜 ,,,,,2019-05-01,能量榜,0,0,0,创造营2019,"创造营2019-周震南,腾讯视频创造营2019,微博综艺"
4367088431208682,Hs9h954qS,@创造营2019-周震南 我在纯甄小蛮腰#创造营2019#加油能量榜为你补充能量，助力你怀抱赤子之心，一路乘风破浪！@腾讯视频创造营2019 @微博综艺 纯甄小蛮腰#创造营2019#加油能量榜 ,,,,,2019-05-01,HUAWEI nova 2s,0,0,0,创造营2019,"创造营2019-周震南,腾讯视频创造营2019,微博综艺"
4366941340711555,Hs5rU2Z6H,我在#创造营2019#为我支持的学员@创造营2019-周震南 打call！助他实现破浪之旅！#创始人许愿池#我为#创造营2019#学员@创造营2019-周震南 打call，期待他的更多精彩表现！#创始人许愿池#  小蛮腰创造营打call区 ,,,,,2019-05-01,HUAWEI nova 2s,0,0,0,"创造营2019,创始人许愿池,创造营2019,创始人许愿池","创造营2019-周震南,创造营2019-周震南"
4366941210890180,Hs5rH3JzK,一颗赤子之心，一路乘风破浪，我支持#创造营2019#学员@创造营2019-周震南 ，为他打call助力！#创始人许愿池#小蛮腰创造营打call区 ,,,,,2019-05-01,台网话题,0,0,0,"创造营2019,创始人许愿池",创造营2019-周震南
4366863523876339,Hs3qoggpB,#爱豆安利季#@吉利汽车官方微博 动力补给官 ----缤瑞缤越三轮燃炸福利来袭！为你喜爱的@创造营2019-周震南  助力加油！爱他就为他pick 125米高的“亚洲之光”LED屏。吉利汽车，带创造营小哥哥冲鸭！ 网页链接 ,,https://wx4.sinaimg.cn/large/0076Almvly1g2kwgjyc1dj30go0m8mzj.jpg,,,2019-04-30,话题活动_4,0,0,0,爱豆安利季,"吉利汽车官方微博,创造营2019-周震南"
4366716152704222,HrZAHbluu,我在#创造营2019#为我支持的学员@创造营2019-周震南 打call！助他实现破浪之旅！#创始人许愿池# 小蛮腰创造营打call区 ,,,,,2019-04-30,HUAWEI nova 2s,0,0,0,"创造营2019,创始人许愿池",创造营2019-周震南
4366715875678423,HrZAfnPdt,我为#创造营2019#学员@创造营2019-周震南 打call，期待他的更多精彩表现！#创始人许愿池#小蛮腰创造营打call区 ,,,,,2019-04-30,台网话题,0,0,0,"创造营2019,创始人许愿池",创造营2019-周震南
4366487886559588,HrTEwrwrO,我为#创造营2019#学员@创造营2019-周震南 打call，期待他的更多精彩表现！#创始人许愿池# 小蛮腰创造营打call区 ,,,,,2019-04-29,HUAWEI nova 2s,0,0,0,"创造营2019,创始人许愿池",创造营2019-周震南
4366487584146487,HrTE2hoGP,一颗赤子之心，一路乘风破浪，我支持#创造营2019#学员@创造营2019-周震南 ，为他打call助力！#创始人许愿池#小蛮腰创造营打call区 ,,,,,2019-04-29,台网话题,0,0,0,"创造营2019,创始人许愿池",创造营2019-周震南
4366385708663224,HrQZIAlHq,#创造营2019#赤子之心，乘风破浪，为学员点赞助力，陪他一起向梦想出发！创造营2019微博点赞通道 ,,,,,2019-04-29,创造营2019点赞通道,0,0,0,创造营2019,
4366385150816490,HrQYP3qpc,#爱豆安利季#@吉利汽车官方微博 动力补给官-----缤瑞缤越二轮助力来袭！为你喜爱的@创造营2019-周震南  助力加油吧！爱他就送他神仙福利~吉利汽车，带创造营小哥哥冲鸭！ 网页链接 ,,https://wx2.sinaimg.cn/large/0076Almvly1g2jdipi2wyj30e70izq4j.jpg,,,2019-04-29,话题活动_4,0,0,0,爱豆安利季,"吉利汽车官方微博,创造营2019-周震南"
4366384714285094,HrQY7hYKq,创优宝藏挖直到第20期预告都没看到我南 ,,,,,2019-04-29,HUAWEI nova 2s,0,0,0,,
4366103058481483,HrJDPzAq7,我刚使用会员特权送给了@创造营2019-周震南 3朵鲜花，希望陪你从开始到未来的每一个高光时刻，我们一起走花路吧！R1SE-周震南已收到682224朵花 ,,,,,2019-04-28,明星势力榜鲜花,0,0,0,,创造营2019-周震南
4365856421603122,HrDe26J2O,我朝思暮想地等待这一期创，结果我南镜头少得可怜 ,,,,,2019-04-28,HUAWEI nova 2s,0,0,0,,
4365854696864032,HrDbfsNEc,@创造营2019-周震南 我在纯甄小蛮腰#创造营2019#加油能量榜为你补充能量，助力你怀抱赤子之心，一路乘风破浪！@腾讯视频创造营2019 @微博综艺 纯甄小蛮腰#创造营2019#加油能量榜 ,,,,,2019-04-28,HUAWEI nova 2s,0,0,0,创造营2019,"创造营2019-周震南,腾讯视频创造营2019,微博综艺"
4365852667184900,HrD7Yu97u,我是男团创始人，我为#创造营2019#学员点赞，愿他一直保持赤子之心，一路乘风破浪！创造营2019微博点赞通道 ,,,,,2019-04-28,创造营2019点赞通道,0,0,0,创造营2019,
4365852051151871,HrD6Z4PEz,#周震南第一#   呜呜呜是“赢是赢周震南”“输也是输周震南”的宝贝南啊南南加油呀! ,,,,,2019-04-28,HUAWEI nova 2s,0,0,0,周震南第一,
4365815979983033,HrCaNFT2F,#创造营2019#点赞助力，为创造营学员加油！陪伴他们一路进步，不断成长！创造营2019微博点赞通道 ,,,,,2019-04-27,创造营2019点赞通道,0,0,0,创造营2019,
4365815895441729,HrCaFmPDP,#创造营2019#和我一起为创造营学员点赞助力，见证他们每一次的突破与成长！创造营2019微博点赞通道 ,,,,,2019-04-27,创造营2019点赞通道,0,0,0,创造营2019,
4365815850193412,HrCaB0Ojy,#创造营2019#点赞助力，为创造营学员加油！陪伴他们一路进步，不断成长！创造营2019微博点赞通道 ,,,,,2019-04-27,创造营2019点赞通道,0,0,0,创造营2019,
4365815777950648,HrCatxmkg,#创造营2019#赤子之心，乘风破浪，为学员点赞助力，陪他一起向梦想出发！创造营2019微博点赞通道 ,,,,,2019-04-27,创造营2019点赞通道,0,0,0,创造营2019,
4365815673888658,HrCajgjCi,我是男团创始人，我为#创造营2019#学员点赞，愿他一直保持赤子之心，一路乘风破浪！创造营2019微博点赞通道 ,,,,,2019-04-27,创造营2019点赞通道,0,0,0,创造营2019,
4365719020171396,HrzEq0IAs,救救孩子吧！！！有没有人教教我搞创怎么打投啊 ,,,,,2019-04-27,HUAWEI nova 2s,0,5,0,,
4365716264139123,HrzzYhmM3,我为纯甄小蛮腰#创造营2019#  @创造营2019-周震南  送出了能量卡，男团创始人们快来为你支持的学员加油助力吧！@腾讯视频创造营2019 @微博综艺 纯甄小蛮腰#创造营2019#加油能量榜 ,,,,,2019-04-27,能量榜,0,0,0,创造营2019,"创造营2019-周震南,腾讯视频创造营2019,微博综艺"
4365716176145285,HrzzPpMFv,@创造营2019-周震南 我在纯甄小蛮腰#创造营2019#加油能量榜为你补充能量，助力你怀抱赤子之心，一路乘风破浪！@腾讯视频创造营2019 @微博综艺 纯甄小蛮腰#创造营2019#加油能量榜 ,,,,,2019-04-27,HUAWEI nova 2s,0,0,0,创造营2019,"创造营2019-周震南,腾讯视频创造营2019,微博综艺"
4365477097242213,Hrtmduo1T,『VIP之星』网页链接 ,,,,,2019-04-26,HUAWEI nova 2s,0,0,0,,
4365475611154148,HrtjP4Qfi,@创造营2019-周震南 我在纯甄小蛮腰#创造营2019#加油能量榜为你补充能量，助力你怀抱赤子之心，一路乘风破浪！@腾讯视频创造营2019 @微博综艺 纯甄小蛮腰#创造营2019#加油能量榜 ,,,,,2019-04-26,HUAWEI nova 2s,0,0,0,创造营2019,"创造营2019-周震南,腾讯视频创造营2019,微博综艺"
4365475552678924,HrtjJbeUs,我为纯甄小蛮腰#创造营2019#  @创造营2019-周震南  送出了能量卡，男团创始人们快来为你支持的学员加油助力吧！@腾讯视频创造营2019 @微博综艺 纯甄小蛮腰#创造营2019#加油能量榜 ,,,,,2019-04-26,能量榜,0,0,0,创造营2019,"创造营2019-周震南,腾讯视频创造营2019,微博综艺"
4365121381695043,Hrk6u76Xp,继续列表循环南南的歌肝一晚论文[加油][加油][加油][加油] ,,,,,2019-04-26,HUAWEI nova 2s,0,0,0,,
4365118018302052,Hrk13yPK4,#2019LPL#我已为@皇族电子竞技俱乐部 送上奖杯！快来为你喜爱的战队加油吧！2019LPL战队势力榜 ,,,,,2019-04-26,微博体育,0,0,0,2019LPL,皇族电子竞技俱乐部
4365100129299029,HrjycD16l,首页一半77一半南南平分天下 ,,,,,2019-04-25,HUAWEI nova 2s,0,3,0,,
4364774450374024,Hrb4V1ziE,我为#创造营2019#学员@创造营2019-周震南 打call，期待他的更多精彩表现！#创始人许愿池#小蛮腰创造营打call区 ,,,,,2019-04-25,台网话题,0,0,0,"创造营2019,创始人许愿池",创造营2019-周震南
4363524094272758,HqEydhVxs,无皇可搞的日子里我看到首页都快乐的搞起了创大家多多pick周震南啊 ,,,,,2019-04-21,HUAWEI nova 2s,1,6,0,,
4362387773826008,HqaZrg3jO,#2019LPL#我已为@皇族电子竞技俱乐部 送上奖杯！快来为你喜爱的战队加油吧！2019LPL战队势力榜 ,,,,,2019-04-18,微博体育,0,0,0,2019LPL,皇族电子竞技俱乐部
4360948149837199,HpzxsFh6v,#2019LPL#我已为@皇族电子竞技俱乐部 送上奖杯！快来为你喜爱的战队加油吧！2019LPL战队势力榜 ,,,,,2019-04-14,微博体育,0,0,0,2019LPL,皇族电子竞技俱乐部
4360212377434203,HpgoJvbYv,#2019LPL#我已为@皇族电子竞技俱乐部 送上奖杯！快来为你喜爱的战队加油吧！2019LPL战队势力榜 ,,,,,2019-04-12,微博体育,0,0,0,2019LPL,皇族电子竞技俱乐部
4359428041484586,HoVZG6ecW,莫搞我，害怕 ,,,,,2019-04-10,HUAWEI nova 2s,1,2,0,,
4359120159187431,HoNZ5Cy4n,#2019LPL#我已为@皇族电子竞技俱乐部 送上奖杯！快来为你喜爱的战队加油吧！2019LPL战队势力榜 ,,,,,2019-04-09,微博体育,0,0,0,2019LPL,皇族电子竞技俱乐部
4358708366829526,HoDgUsEFE,#2019LPL#我已为@皇族电子竞技俱乐部 送上奖杯！快来为你喜爱的战队加油吧！2019LPL战队势力榜 ,,,,,2019-04-08,微博体育,0,0,0,2019LPL,皇族电子竞技俱乐部
4358539227077646,HoyS6tHdA,呜呜呜还是小皇争气 ,,,,,2019-04-07,HUAWEI nova 2s,2,4,0,,
4358223634879400,HoqF5ktm0,#2019LPL#我已为@皇族电子竞技俱乐部 送上奖杯！快来为你喜爱的战队加油吧！2019LPL战队势力榜 ,,,,,2019-04-06,微博体育,1,0,0,2019LPL,皇族电子竞技俱乐部
4358192480106584,HopQQ0rJ6,分享图片 ,,https://wx3.sinaimg.cn/large/0076Almvgy1g1t8lr6z82j30g40c3mxe.jpg,,,2019-04-06,HUAWEI nova 2s,0,0,0,,
4358191212661331,HopONbakH,分享图片 ,,https://wx3.sinaimg.cn/large/0076Almvgy1g1t8git6anj30u00r2ab5.jpg,,,2019-04-06,HUAWEI nova 2s,0,0,0,,
4358151044190551,HooM0hA9x,Uzi给我冲啊啊啊啊啊 ,,,,,2019-04-06,HUAWEI nova 2s,0,0,0,,
4357816926213048,Hog56q4is,八强复八强，八强何其多 ,,,,,2019-04-05,HUAWEI nova 2s,6,2,0,,
4357722705250407,HodD8m1RZ,阴阳师手游守护的契约和阴阳师一起，关爱流浪动物——每一点微小的善意，都可以温暖这个世界 ,,https://wx3.sinaimg.cn/large/0076Almvgy1g1rqndi82bj30hs0vk432.jpg,,,2019-04-05,阴阳师,0,0,0,,
4357722696848298,HodD7sJyq,阴阳师手游守护的契约和阴阳师一起，关爱流浪动物——每一点微小的善意，都可以温暖这个世界 ,,https://wx3.sinaimg.cn/large/0076Almvgy1g1rqnec5sjj30hs0vk432.jpg,,,2019-04-05,阴阳师,0,0,0,,
4356680906776755,HnMwOsqWv,#2019LPL#我已为@皇族电子竞技俱乐部 送上奖杯！快来为你喜爱的战队加油吧！2019LPL战队势力榜 ,,,,,2019-04-02,微博体育,0,0,0,2019LPL,皇族电子竞技俱乐部
4355571626379271,HnjFEqLxt,#2019LPL#我已为@皇族电子竞技俱乐部 送上奖杯！快来为你喜爱的战队加油吧！2019LPL战队势力榜 ,,,,,2019-03-30,微博体育,1,0,0,2019LPL,皇族电子竞技俱乐部
4355122165354896,Hn7YImt3i,阴阳师手游次第樱吹，花见之遇！我制作了一页手帐记录平安京趣事！收集春樱美景，定制个性手帐！更有樱花祭系列活动，一起来带崽赏樱吧！ ,,https://wx3.sinaimg.cn/large/0076Almvly1g1jfzbcz3yj30k00a00ts.jpg,,,2019-03-29,阴阳师,0,0,0,,
4355122152742282,Hn7YHbvom,阴阳师手游次第樱吹，花见之遇！我制作了一页手帐记录平安京趣事！收集春樱美景，定制个性手帐！更有樱花祭系列活动，一起来带崽赏樱吧！ ,,https://wx1.sinaimg.cn/large/0076Almvly1g1jfzc0urij30k00a00ts.jpg,,,2019-03-29,阴阳师,0,0,0,,
4354733881622542,HmXSs6O62,#2019LPL#我已为@皇族电子竞技俱乐部 送上奖杯！快来为你喜爱的战队加油吧！2019LPL战队势力榜 ,,,,,2019-03-28,微博体育,0,0,0,2019LPL,皇族电子竞技俱乐部
4354567536192562,HmTy9pYY2,真好啊！今天醒了！ ,,,,,2019-03-27,HUAWEI nova 2s,2,0,0,,
4354414720137165,HmPzG0zGl,#2019LPL#我已为@LGD_英雄联盟 送上奖杯！快来为你喜爱的战队加油吧！2019LPL战队势力榜 ,,,,,2019-03-27,微博体育,2,0,0,2019LPL,LGD_英雄联盟
4354133890447929,HmIgJ1SwF,#2019LPL#我已为@皇族电子竞技俱乐部 送上奖杯！快来为你喜爱的战队加油吧！2019LPL战队势力榜 ,,,,,2019-03-26,微博体育,0,0,0,2019LPL,皇族电子竞技俱乐部
4353781883448085,Hmz6Yet0h,你们别撕了万一🐸不首发了可怎么办啊我还要看🐔和🐸🔒死呢 ,,,,,2019-03-25,HUAWEI nova 2s,1,4,0,,
4353313585667272,HmmVEnMjC,#2019LPL#我已为@皇族电子竞技俱乐部 送上奖杯！快来为你喜爱的战队加油吧！2019LPL战队势力榜 ,,,,,2019-03-24,微博体育,0,0,0,2019LPL,皇族电子竞技俱乐部
4353120987106533,HmhV0tOJv,虽然很可惜，但是！！我看到季后赛的希望啊！！！RNG给我冲！！！ ,,,,,2019-03-23,HUAWEI nova 2s,5,4,0,,
4353029048196065,HmfwIyoaB,@裴依依QAQ 求签 第三十五吉   射鹿須乘箭  故僧引路歸 遇道同仙籍  光華映晚暉    解签链接-> 网页链接 ,,,,,2019-03-23,在线求签网inqiuqian,0,3,0,,裴依依QAQ
4353029027446133,HmfwGvf4V,rng今天能使我快乐吗？@求签 ,,,,,2019-03-23,HUAWEI nova 2s,0,0,0,,求签
4353028360101752,HmfvC0qta,预言都是说的啥啊 ,,,,,2019-03-23,HUAWEI nova 2s,0,2,1,,
4353024073554915,HmfoHeUNl,我他妈笑死哈哈哈哈哈哈哈哈哈哈哈哈哈哈哈哈哈哈哈哈哈哈哈哈哈哈哈哈哈哈哈哈哈哈哈哈哈哈哈哈哈哈哈哈哈哈哈哈哈哈哈哈哈哈哈哈哈哪个老哥这么有才啊 ,,https://wx1.sinaimg.cn/large/0076Almvgy1g1cr03nihej30tb0p3q69.jpg,,,2019-03-23,HUAWEI nova 2s,1,17,0,,
4352553812602253,Hm3adaUXP,我今天就要吃掉一个黄焖🐔头 ,,,,,2019-03-22,HUAWEI nova 2s,2,1,0,,
4352552503757649,Hm386fLxf,#2019LPL#我已为@皇族电子竞技俱乐部 送上奖杯！快来为你喜爱的战队加油吧！2019LPL战队势力榜 ,,,,,2019-03-22,微博体育,0,0,0,2019LPL,皇族电子竞技俱乐部
4352249608509249,HlVfyzHDX,#2019LPL#我已为@皇族电子竞技俱乐部 送上奖杯！快来为你喜爱的战队加油吧！2019LPL战队势力榜 ,,,,,2019-03-21,微博体育,0,0,0,2019LPL,皇族电子竞技俱乐部
4352039930431222,HlPNn1Obc,不是为什么说a*j就＝去年春季赛喷过yjz和hhx啊逻辑鬼才 ,,https://wx2.sinaimg.cn/large/0076Almvgy1g19m4hl4jnj30u00ddq40.jpg,,,2019-03-20,HUAWEI nova 2s,0,6,0,,
4352035949710853,HlPGWEKeF,互关取关单向的你妈没了 ,,,,,2019-03-20,HUAWEI nova 2s,5,6,0,,
4352034860421678,HlPFc1LHg,首页觉得那位瞎鸡儿丢R总是跟不上打团还膨胀的一比的选手不错的话，请双了吧 ,,,,,2019-03-20,HUAWEI nova 2s,4,2,0,,
4352033592780473,HlPD9bFkl,老子道你妈的歉哦，我还是巴不得他走 ,,,,,2019-03-20,HUAWEI nova 2s,6,0,0,,
4352032330522134,HlPB72bPw,分享图片 ,,https://wx1.sinaimg.cn/large/0076Almvgy1g19l4clrf9j309s090jro.jpg,,,2019-03-20,HUAWEI nova 2s,1,0,0,,
4352031576244240,HlPzTqcpy,吓死老子了 ,,,,,2019-03-20,HUAWEI nova 2s,1,0,0,,
4352030941670351,HlPyS70x9,干嘛啊啊啊啊啊啊！！！！RNG你们在干嘛啊！ ,,https://wx1.sinaimg.cn/large/0076Almvgy1g19kygq9cij30uc0u0ta0.jpg,,,2019-03-20,HUAWEI nova 2s,1,1,0,,
4352030133109465,HlPxzd2UF,你跑啥啊！ ,,,,,2019-03-20,HUAWEI nova 2s,0,0,0,,
4352030086492536,HlPxurf0k,干嘛呢干嘛呢！！！你怎么没跟上呢 ,,,,,2019-03-20,HUAWEI nova 2s,0,0,0,,
4352028366986156,HlPuItjpW,我日我们双c！！！我们咖咖！ ,,,,,2019-03-20,HUAWEI nova 2s,3,0,0,,
4352024629463956,HlPoGDI0s,哥们你前几天说你贾克斯是绝活，N你可别砸自己招牌啊 ,,https://wx2.sinaimg.cn/large/0076Almvgy1g19k8itgd1j309s090jro.jpg,,,2019-03-20,HUAWEI nova 2s,0,0,0,,
4352023309029264,HlPmyBSVi,看到有人说aj比MMD还菜，不知道为啥有点搞笑 ,,,,,2019-03-20,HUAWEI nova 2s,1,3,0,,
4352022452699640,HlPlbbkiA,随便吧，看淡了 ,,,,,2019-03-20,HUAWEI nova 2s,0,0,0,,
4352017977748200,HlPdXwvEY,别洗他了，别洗了妈的 ,,,,,2019-03-20,HUAWEI nova 2s,1,0,0,,
4352017046371314,HlPcsqJt8,你还是走吧总是4打5谁顶得住啊 ,,,,,2019-03-20,HUAWEI nova 2s,0,0,0,,
4352008599352830,HlOYPDf66,哈哈哈哈哈哈哈各位冷静一哈 ,,https://wx1.sinaimg.cn/large/0076Almvgy1g19ie2k9yqj30hs0mlmza.jpg,,,2019-03-20,HUAWEI nova 2s,5,2,1,,
4352007760922169,HlOXu3RTH,还有我狗也巨帅 ,,,,,2019-03-20,HUAWEI nova 2s,1,0,0,,
4352007718206892,HlOXpyqZe,咖咖巨帅[加油][加油][加油][加油] ,,,,,2019-03-20,HUAWEI nova 2s,0,0,0,,
4352004723646370,HlOSAfiAq,不能高看他，还是太尼玛乱飘了 ,,,,,2019-03-20,HUAWEI nova 2s,1,2,0,,
4352004156958102,HlORFtc7s,分享图片 ,,https://wx4.sinaimg.cn/large/0076Almvgy1g19hvu6huaj30uc0u0ta0.jpg,,,2019-03-20,HUAWEI nova 2s,0,0,0,,
4352003872340480,HlORd9ORG,不是?干嘛 ,,,,,2019-03-20,HUAWEI nova 2s,0,0,0,,
4352003520526139,HlOQE2cS7,你妈的，为什么?不要科比，可? ,,,,,2019-03-20,HUAWEI nova 2s,0,0,0,,
4352002614413547,HlOPbiwaf,我日这是rng？？15分钟上高地？？？ ,,,,,2019-03-20,HUAWEI nova 2s,1,2,0,,
4351998146636073,HlOHYrQlr,首发上单：波比 ,,,,,2019-03-20,HUAWEI nova 2s,1,0,0,,
4351990928263098,HlOwkyFBM,结账。 ,,,,,2019-03-20,HUAWEI nova 2s,0,0,0,,
4351990631215762,HlOvR56h4,尾款未到账，中止交易。 ,,,,,2019-03-20,HUAWEI nova 2s,0,0,0,,
4351989213512627,HlOtzeJNh,您的支付宝已到账，请注意查收 ,,,,,2019-03-20,HUAWEI nova 2s,0,0,0,,
4351469887578212,HlAXWvNre,#2019LPL#我已为@皇族电子竞技俱乐部 送上奖杯！快来为你喜爱的战队加油吧！2019LPL战队势力榜 ,,,,,2019-03-19,微博体育,0,0,0,2019LPL,皇族电子竞技俱乐部
4350932927593871,HlmZSvRvN,#2019LPL#我已为@皇族电子竞技俱乐部 送上奖杯！快来为你喜爱的战队加油吧！2019LPL战队势力榜 ,,,,,2019-03-17,微博体育,0,0,0,2019LPL,皇族电子竞技俱乐部
4350919144941939,HlmDEkJCH,呜呜呜呜呜呜我的咖咖！！！！！ ,,,,,2019-03-17,HUAWEI nova 2s,2,0,0,,
4350917560651871,HlmB62JA3,在?这个上单不能当场退役吗 ,,,,,2019-03-17,HUAWEI nova 2s,1,0,0,,
4350916288749940,Hlmz2AIg4, ,,,,,2019-03-17,HUAWEI nova 2s,2,1,0,,
4350914850476279,HlmwJ1ZTV,卡萨真棒！ ,,,,,2019-03-17,HUAWEI nova 2s,0,0,0,,
4350905808093188,Hlmi8xXpi,浩轩明白到底帮哪路了吗🙊 ,,,,,2019-03-17,HUAWEI nova 2s,1,1,0,,
4350902624420319,Hlmd0ixVt,进不了季后赛，我必辱骂上单 ,,,,,2019-03-17,HUAWEI nova 2s,0,2,0,,
4350891429739261,HllUWERCR,指挥换了?我透不是小明了? ,,,,,2019-03-17,HUAWEI nova 2s,0,8,0,,
4350889642447989,HllS4agPH,完了，卡萨也懵逼了 ,,,,,2019-03-17,HUAWEI nova 2s,0,0,0,,
4350889315353018,HllRxmsz0,直说：five上单 ,,,,,2019-03-17,HUAWEI nova 2s,0,0,0,,
4350885817478891,HllLTvnBh,帮尼玛的five上呢 ,,,,,2019-03-17,HUAWEI nova 2s,1,0,0,,
4350884643090854,HllK0cY4u,别帮上了，可?? ,,,,,2019-03-17,HUAWEI nova 2s,2,0,0,,
4350850648136114,HlkRay8zE,阴阳师手游 我获得了一个全新的皮肤，随手分享喜悦~?( °?° )? ,,https://wx2.sinaimg.cn/large/0076Almvgy1g15tejgy5hj30k00a03zj.jpg,,,2019-03-17,阴阳师,1,5,0,,
4350850639733480,HlkR9EQ7C,阴阳师手游 我获得了一个全新的皮肤，随手分享喜悦~?( °?° )? ,,https://wx3.sinaimg.cn/large/0076Almvgy1g15tekbl5xj30k00a03zj.jpg,,,2019-03-17,阴阳师,0,1,0,,
4350791885582619,Hljkonqif,今天我到底能不能收获快乐，就看阿皇了 ,,,,,2019-03-17,HUAWEI nova 2s,5,0,0,,
4350611430107580,HleDl0rZa,"@裴依依QAQ  翻开它, 拿走一个简单的答案和暗示  预言链接-> 网页链接 第233/320页 ",,,,,2019-03-16,在线预言网,0,11,0,,裴依依QAQ
4350611413708126,HleDjfyEu,明天rng能赢吗@预言 ,,,,,2019-03-16,HUAWEI nova 2s,1,1,0,,预言
4350200359248476,Hl3WjCNWY,嘿嘿嘿嘿嘿嘿嘿嘿嘿嘿嘿嘿哈哈哈哈哈哈哈哈哈哈哈哈哈哈哈哈哈哈哈哈哈哈嘻嘻嘻嘻嘻 ,,,,,2019-03-15,HUAWEI nova 2s,1,0,0,,
4350065084493214,Hl0q8iQTc,#2019LPL#我已为@皇族电子竞技俱乐部 送上奖杯！快来为你喜爱的战队加油吧！2019LPL战队势力榜 ,,,,,2019-03-15,微博体育,0,0,0,2019LPL,皇族电子竞技俱乐部
4349481732662013,HkLffbavH,"@裴依依QAQ  翻开它, 拿走一个简单的答案和暗示  预言链接-> 网页链接 第83/320页 ",,,,,2019-03-13,在线预言网,0,2,0,,裴依依QAQ
4349481673467827,HkLf9ey8H,大皇今天为什么这样啊@预言 ,,,,,2019-03-13,HUAWEI nova 2s,0,0,0,,预言
4349107554292868,HkBvJi0LO,#2019LPL#我已为@皇族电子竞技俱乐部 送上奖杯！快来为你喜爱的战队加油吧！2019LPL战队势力榜 ,,,,,2019-03-12,微博体育,0,0,0,2019LPL,皇族电子竞技俱乐部
4348995700994393,HkyBk4aGB,#百万森林计划# 我在“腾格里沙漠锁边行动”项目捐款成功！希望我小小的力量和@百万森林 一起，在大大的世界里温暖更多人。@中国绿化基金会 腾格里沙漠锁边行动 ,,,,,2019-03-12,HUAWEI nova 2s,0,0,0,百万森林计划,"百万森林,中国绿化基金会"
4348598654746324,HkogVjUJC,#2019LPL#我已为@皇族电子竞技俱乐部 送上奖杯！快来为你喜爱的战队加油吧！2019LPL战队势力榜 ,,,,,2019-03-11,微博体育,0,0,0,2019LPL,皇族电子竞技俱乐部
4348352268947004,HkhRwBxww,#2019LPL#我已为@皇族电子竞技俱乐部 送上奖杯！快来为你喜爱的战队加油吧！2019LPL战队势力榜 ,,,,,2019-03-10,微博体育,0,0,0,2019LPL,皇族电子竞技俱乐部
